Workbook

Sheet الفهرس
A1: ملف المراجعة الشامل – مزرعة الرياض (من التأسيس حتى 31-7-2026)
A2: م | B2: القسم | C2: الصفحة (اضغط للانتقال) | D2: المحتوى
A3: 1 | B3: عام | C3: الملخص العام | D3: الأرقام الرئيسية لكل الأقسام في صفحة واحدة
A4: 2 | B4: عام | C4: الأسئلة المطلوبة | D4: كل الأسئلة المفتوحة مع المبلغ المتأثر وخانة للإجابة
A5: 3 | B5: حساب الشريكين | C5: ملخص الشركاء | D5: مسحوبات ودعم وسدادات كل شريك والصافي
A6: 4 | B6: حساب الشريكين | C6: حساب أبو خالد | D6: تفصيل حساب أبو خالد / بساتين الرياض
A7: 5 | B7: حساب الشريكين | C7: حساب أبو مازن | D7: تفصيل حساب أبو مازن / نسما الشرق
A8: 6 | B8: حساب الشريكين | C8: إيرادات قبل الفترة | D8: تسوية إيرادات 610,688 قبل 30-7-2025
A9: 7 | B9: حساب الشريكين | C9: تحقق سند أبو خالد | D9: مطابقة سند مسحوبات بساتين 24.2–3.6.2026 مع الفواتير
A10: 8 | B10: المبيعات | C10: مبيعات - الملخص | D10: إجمالي مبيعات كل مندوب + ما قبل الفترة
A11: 9 | B11: المبيعات | C11: الحركة المدمجة | D11: كل حركات البيع (جملة + سيارات) مرتبة بالتاريخ
A12: 10 | B12: المبيعات | C12: مبيعات - شهري | D12: المبيعات الشهرية لكل مندوب من 10-2024
A13: 11 | B13: المبيعات | C13: مبيعات قبل 30.7.2025 | D13: مبيعات 10-2024 إلى 6-2025 شهرياً
A14: 12 | B14: المبيعات | C14: مبيعات عصمت | D14: كل عقود عصمت + فواتير سيارة 1219
... A49: 47 | B49: المصروفات | C49: ميزان الخزنة | D49: ميزان الخزنة القديمة قبل وبعد حذف الجزيرة ومطابقته مع رصيد النظام الجديد

Sheet الملخص العام
A1: مزرعة الرياض – الملخص العام من التأسيس (2024) حتى 31-7-2026
A2: الشركاء: م/ عادل أبو خالد (مؤسسة بساتين الرياض) – أبو مازن (شركة نسما الشرق / مزرعة تبوك)
A4: أولاً: المبيعات
A5: مبيعات قبل 30-7-2025 (1-10-2024 إلى 30-6-2025) | B5: ='مبيعات قبل 30.7.2025'!C12 | D5: إجمالي شهري غير موزع على المناديب
A6: مبيعات عصمت الله خان (جملة WHT + سيارة 1219) | B6: ='مبيعات - الملخص'!D5
A7: مبيعات عماد حمدي (جملة WHE + سيارة 3010) | B7: ='مبيعات - الملخص'!D6
A8: مبيعات م/ عادل أبو خالد (عقود WHK شاملة عرعر 440,000) | B8: ='مبيعات - الملخص'!D7
A9: إجمالي المبيعات من 1-10-2024 إلى 31-7-2026 | B9: =SUM(B5:B8)
A11: ثانياً: المصروفات
A12: مصروفات التأسيس الفعلية (أبو مازن 1,089,735.80 + أبو خالد 189,235) | B12: ='مصروفات التأسيس'!E29
A13: مصروفات تشغيل 2-2024 إلى 12-2024 | B13: ='مصروفات قبل 30.7.2025'!E28 | D13: من إيرادات المزرعة
A14: مصروفات تشغيل دفعها م/ عادل من المبيعات (10-2024 إلى 6-2025) | B14: ='مصروفات قبل 30.7.2025'!E42 | D14: من إيرادات المزرعة
A15: مصروفات 2025 (7-2025 إلى 12-2025) | B15: ='مصروفات 2025 - تفصيل'!H301 | D15: شاملة مشتريات عقد عرعر
A16: أوامر شراء 2026 بعد استبعاد سداد 2025 + تسويات العهد | B16: ='مصروفات - الملخص'!C15
A17: مصروفات الخزنة (كشف الحساب) (كشف الحساب) | B17: ='مصروفات الخزنة (كشف الحساب)'!F197 | D17: ⚠ متداخلة جزئياً مع أوامر الشراء والعهد ومصروفات 2025 – راجع عمود الارتباط
A18: المصاريف الإدارية والديزل المدفوعة من نسما | B18: ='مصاريف إدارية وديزل تبوك'!F48
A20: ثالثاً: حركات المواد (30-7-2025 إلى 31-7-2026)
A21: TNR ترحيل من تبوك إلى الرياض | B21: ='مواد - الملخص'!J5
A22: RNT ترحيل من الرياض إلى تبوك | B22: ='مواد - الملخص'!J6
A23: RNP ترحيل لقسم المشاريع تبوك | B23: ='مواد - الملخص'!J7
A24: RNO صرف للإنتاج | B24: ='مواد - الملخص'!J8
A25: RNL هالك ومفقود | B25: ='مواد - الملخص'!J9
A27: خامساً: الآجل
A28: المبالغ الآجلة لدى عملاء السيارات (31-7-2026) | B28: ='أرصدة العملاء والموردين'!F29 | D28: راجع صفحة أرصدة العملاء والموردين
A29: المستحق للموردين (حد أقصى) | B29: ='أرصدة العملاء والموردين'!F41 | D29: PO-1023 33,950 + باقي PO-0777 55,420
A31: رابعاً: حساب الشريكين
A32: البند | B32: أبو خالد – بساتين الرياض | C32: أبو مازن – نسما الشرق
A33: إجمالي المسحوبات (عليه) | B33: ='ملخص الشركاء'!B7 | C33: ='ملخص الشركاء'!C7
A34: سدادات مسجلة بكشف الخزنة | B34: ='ملخص الشركاء'!B8 | C34: ='ملخص الشركاء'!C8
A35: الدعم المقدم للمزرعة | B35: ='ملخص الشركاء'!B9 | C35: ='ملخص الشركاء'!C9
A36: الصافي (موجب = عليه للمزرعة / سالب = مستحق له) | B36: ='ملخص الشركاء'!B11 | C36: ='ملخص الشركاء'!C11 | D36: ⚠ نهائي بعد الإجابة على الأسئلة المفتوحة
A38: تنبيه: الأرقام تتحدّث تلقائياً من صفحات التفصيل. البنود التي تحتاج تأكيد مذكورة في صفحة "الأسئلة المطلوبة".

Sheet الأسئلة المطلوبة
A1: الأسئلة المطلوب الإجابة عليها لاعتماد الحسابات بنسبة 100%
A2: م | B2: القسم | C2: السؤال | D2: المبلغ المتأثر | E2: الإجابة
A3: 1 | B3: المبيعات | C3: لا توجد مبيعات من 1-7-2025 إلى 29-7-2025 (شيت ما قبل الفترة ينتهي 30-6-2025). هل توجد مبيعات لهذه الفترة؟ | D3: غير معروف
A4: 2 | B4: المبيعات | C4: الفواتير المبدئية من 1 إلى 24 (قبل 27-10-2025) لم تُرسل. هل تتوفر لمطابقة عقود أغسطس–أكتوبر 2025؟ | D4: —
A5: 3 | B5: المبيعات | C5: الفاتورتان 57 و 58 بنفس العقد WHT-2953 ونفس القيمة – هل إحداهما مكررة؟ (الكشف سجلها مرة واحدة) | D5: 12742.5
A6: 4 | B6: المبيعات | C6: العقدان WHT-2756 و WHT-2758 موجودان بسجل العقود فقط (بدون فاتورة ولا قيد بالكشف) – هل هما مبيعات فعلية؟ | D6: 16810
A7: 5 | B7: المبيعات | C7: الفاتورة 156: القيمة 5,448.75 وبالكشف 5,447.75 – أيهما الصحيح؟ | D7: 1
A8: 6 | B8: المبيعات | C8: مبيعات ما قبل الفترة 610,688: هل هي لكل المناديب معاً؟ وهل يلزم توزيعها على المناديب؟ | D8: 610,688
A9: 7 | B9: المبيعات | C9: كشف الخزنة يُظهر رصيد عصمت 63,832.57 وعماد 6,832.75 (مبيعات أكثر من السداد) – هل هي مديونيات قائمة على المناديب؟ | D9: 70665.32
A10: 8 | B10: المبيعات | C10: بند "تصفية مديونية أبو خالد حتى 31-10" 62,937 بكشف الخزنة – ما العقود التي يغطيها؟ (عقود WHK قبل نوفمبر بشيت المحاسب مجموعها أكبر) | D10: 62937
A11: 9 | B11: المواد | C11: لا توجد حركات مواد من 3-6-2026 إلى 12-6-2026 – هل توجد سندات لهذه الفترة؟ | D11: —
A12: 10 | B12: المواد | C12: لا يوجد أي ترحيل من تبوك للرياض (TNR) من فبراير إلى يونيو 2026 – هل يوجد سجل الوارد؟ وما هو PO-213 (بيتونيا 6,000 في 5-4-2026)؟ | D12: 3000
A13: 11 | B13: المواد | C13: بند "فرق PO الشجيرات" بشيت المحاسب (7 أسطر بدون تاريخ ولا سند) – ما مستنده؟ | D13: 2045
A14: 12 | B14: المواد | C14: السند RN-RAW-OUT#186-REV1: صرف أشجار 78,463.50 للإنتاج بغرض تبديل المراكن – هل أُعيدت الأشجار للمخزون؟ | D14: 78463.5
A15: 13 | B15: المواد | C15: الطلب 58991: فينكا 26,000 أُرسلت مع عماد (15,500) وعصمت (10,500) – هل هي ضمن مبيعاتهما؟ | D15: 14300
A16: 14 | B16: المواد | C16: سيسبانيا OD373: خرج 250 لتبوك (11-7) ورجع 250 ثم خرج 240 (14-7) – هل التحويل الأول أُلغي؟ | D16: 6375
A17: 15 | B17: المواد | C17: TNR-3441 / إذن صرف 319: الاكاليفا 60 أم 6؟ | D17: 135
A18: 16 | B18: المواد | C18: العقد RNO-3832: مجموع البنود 5,274.48 وإجمالي العقد 5,550.48 – ما سبب الفرق؟ | D18: 276
A19: 17 | B19: المواد | C19: السند ISV-0061 (مرتجع جزئي) – ما الكمية المرتجعة؟ والسند ISV-0075 (2,750 – رائد الخير) – ما أصنافه؟ | D19: —
A20: 18 | B20: المواد | C20: رقم العقد RNP-1787 مستخدم لحركتين (25-7-2025: 18,975 و 4-8-2025: 20,872.50 جهة WHOLESALE RIYADH) – أيهما صحيح؟ | D20: 20872.5
A21: 19 | B21: التسعير | C21: مسحوبات نسما من الرياض: هل تُحسب بأسعار النظام أم بأسعار التحويل الخاصة بالمحاسب؟ (بيتونيا 0.50 مقابل 0.55 ...) | D21: يؤثر على كامل RNT/RNP
A22: 20 | B22: التسعير | C22: الأساس الضريبي: النظام القديم شامل 15% والنظام الجديد وسجل الصرف بدون ضريبة – أي أساس يُعتمد لحساب الشريكين؟ | D22: —
A23: 21 | B23: التسعير | C23: أسعار أوامر ما قبل الفترة P00480–P00523 (102,875 حبة) – ما سعر الحبة المعتمد؟ | D23: غير مسعّر
A24: 22 | B24: التسعير | C24: تكاليف النقل والبراد لأوامر ما قبل الفترة (13,100 دفعتها نسما) – هل تُحتسب دعماً من نسما أم على مزرعة الرياض؟ | D24: 13100
A25: 23 | B25: التسعير | C25: مرجع الطلب NS-1466 مستخدم لأمرين P00481 (18,000 حبة) و P00522 (15,000) – هل هما شحنتان مختلفتان؟ | D25: —
A26: 24 | B26: المصروفات | C26: PO-0777 (بساتين الرياض 66,420) مدفوع جزئياً – كم المبلغ المسدد؟ | D26: 66420 | E26: مسدد 11,000 (DIS-Riyadh-0012 – 1-7-2026) والمتبقي 55,420
A27: 25 | B27: المصروفات | C27: المدارات: PO-267 و PO-309 بنفس القيمة 53,475 – هل هما توريدان مختلفان؟ | D27: 53475
A28: 26 | B28: المصروفات | C28: الديزل: هل ديزل العهد النقدية (سيارات 1219 و 3010) جزء من 24,888 المدفوعة من نسما في 2026؟ وهل يوجد ديزل أغسطس–أكتوبر 2025؟ | D28: —
A29: 27 | B29: المصروفات | C29: مشتريات 2025 المدفوعة من تبوك: الفلتر يعطي 226,679.26 والرقم اليدوي 269,099.26 – ما الحركات التي تكوّن الفرق 42,420؟ | D29: 42420
A30: 28 | B30: المصروفات | C30: مصروفات 2025 مكررة ظاهرياً: المدارات 50,600 مرتين في 23-10-2025 وأخرى – هل هي مكررة؟ | D30: 70600
A31: 29 | B31: المصروفات | C31: شركة الجزيرة الحديثة 21,250 غير مدفوعة (عقد عرعر) – من يسددها؟ | D31: 21250 | E31: لا توجد مديونية – كل مسحوبات الجزيرة مسددة وخاصة ببساتين الرياض (محذوفة من الحسابات)
A32: 30 | B32: المصروفات | C32: كشف الخزنة فيه 53 مصروف بمبلغ صفر (يناير–فبراير 2026) ورواتب شهر 5-2026 (29,457) مسجلة في خانة البيان – ما المبالغ الصحيحة؟ | D32: 29457
A33: 31 | B33: المصروفات | C33: مصروفات الخزنة (1,442,387.24) متداخلة مع أوامر الشراء والعهد ومصروفات 2025 – هل يُعتمد كشف الخزنة مصدراً رئيسياً للمصروفات من 11-2025؟ | D33: —
A34: 32 | B34: المصروفات | C34: كشف مصروفات التشغيل قبل الفترة: البندان 8 و 17 ناقصان، و3 فواتير كهرباء بدون تاريخ – هل توجد بنود ناقصة؟ | D34: —
A35: 33 | B35: المصروفات | C35: مصروفات التشغيل 2-2024 إلى 12-2024 (412,040.67) صُرفت من الإيرادات – أي إيرادات؟ (المبيعات المسجلة تبدأ من 10-2024 فقط) | D35: 412040.67
A36: 34 | B36: المصروفات | C36: مصروفات م/ عادل 413,236 إجماليات ربع سنوية – هل يوجد كشف تفصيلي بالمستندات؟ | D36: 413236
A37: 35 | B37: المصروفات | C37: التأسيس البند 23: دينة عماد 123,000 بتاريخ 1-11-2025 – هل هو تأسيس أم مصروف تشغيل 2025؟ | D37: 123000
A38: 36 | B38: المصروفات | C38: الإيجار: 300,000 لعامين من 9-1-2024 + 150,000 في 27-7-2026 – ما الفترة التي يغطيها كل منهما؟ | D38: 150000
A39: 37 | B39: المصروفات | C39: عهدة المصروفات الإدارية 2026 (174,142.15) بدون أي تسوية – هل توجد مستندات؟ وأرصدة العهد غير المسواة 1,543.91؟ | D39: 174142.15
A40: 38 | B40: الشركاء | C40: سدادات أبو خالد المسجلة بكشف الخزنة (763,323.81) تم احتسابها سداداً لمسحوباته – هل هذا صحيح؟ | D40: 763323.81
A41: 39 | B41: الشركاء | C41: مبلغ 2,000 "تسديد لأبو خالد من المديونية" (18-5-2026) – يخص أبو خالد أم أبو مازن؟ | D41: 2000
A42: 40 | B42: الشركاء | C42: الضخ النقدي من أبو خالد 189,235 – ما تواريخه ومستنداته؟ | D42: 189235
A43: 41 | B43: الشركاء | C43: الإيداع في حساب أبو مازن 197,452 – ما تاريخه ومستنده؟ | D43: 197452 | E43: ✓ مؤكد: 197,452 و 13,000 لأبو مازن، و 100,000 لأبو خالد
A44: 42 | B44: الخزنة | C44: صرف 11,000 و 1,500 لـ ENG.AHMED ABDELSABOUR (13-6 و 1-7-2026) بدون بيان – هل هي مسحوبات لأبو مازن/نسما؟ | D44: 12500 | E44: الـ 11,000 = سداد جزئي PO-0777. الـ 1,500 لم يُوضح بعد
A45: 43 | B45: الخزنة | C45: صرف 3,963.64 و 5,863.80 لـ RIYADH NURSERY و 2,588 و 4,200 لمحمد عبدالمجيد بدون بيان – ما هي؟ | D45: 16615.44
A46: 44 | B46: الخزنة | C46: الرصيد الافتتاحي لخزنة النظام الجديد 41,269 – هل يطابق رصيد الخزنة القديمة في 3-6-2026؟ | D46: 41269 | E46: ✓ مطابق: رصيد الخزنة القديمة 41,269.50 (فرق 0.50)
A47: 45 | B47: الخزنة | C47: عملاء سددوا أكثر من مبيعات السيارات (مشتل سليمان 13,900 وغيره) – على أي مندوب تُخصم هذه السدادات من المديونيات القديمة؟ | D47: 13900
A48: 46 | B48: الشركاء | C48: هل هناك أرصدة افتتاحية أو اتفاق على نسب الشراكة في مزرعة الرياض لتوزيع الربح/الخسارة؟ | D48: —

Sheet ملخص الشركاء
A1: ملخص حساب الشريكين مع مزرعة الرياض
A2: أبو خالد = مؤسسة بساتين الرياض | أبو مازن = شركة نسما الشرق (مزرعة تبوك)
A4: البند | B4: أبو خالد – بساتين الرياض | C4: أبو مازن – نسما الشرق | D4: ملاحظة
A5: 1) المسحوبات المباشرة | B5: ='حساب أبو خالد'!C8 | C5: ='حساب أبو مازن'!C9
A6: 2) المسحوبات النقدية | B6: ='حساب أبو خالد'!C14 | C6: ='حساب أبو مازن'!C16
A7: إجمالي المسحوبات (عليه) | B7: =B5+B6 | C7: =C5+C6
A8: 3) سدادات لمسحوباته مسجلة بكشف الخزنة | B8: ='حساب أبو خالد'!C19 | C8: 0 | D8: توريدات وسدادات أبو خالد
A9: 4) الدعم المقدم للمزرعة | B9: ='حساب أبو خالد'!C26 | C9: ='حساب أبو مازن'!C26
A10: إجمالي ما له (سدادات + دعم) | B10: =B8+B9 | C10: =C8+C9
A11: الصافي (موجب = مديونية عليه للمزرعة / سالب = مستحق له) | B11: =B7-B10 | C11: =C7-C10 | D11: ⚠ لم تُسعّر بعد مسحوبات تبوك قبل الفترة (102,875 حبة)

Sheet حساب أبو خالد
A1: حساب م/ عادل أبو خالد – مؤسسة بساتين الرياض مع مزرعة الرياض
A3: أولاً: المسحوبات المباشرة (مديونية على أبو خالد)
A4: م | B4: البند | C4: المبلغ | D4: المصدر | E4: ملاحظة
A5: 1 | B5: عقد عرعر WHK-2364 – الكميات المصروفة من الرياض والمحوّلة من تبوك × 0.50 | C5: ='مطابقة كميات عقد عرعر'!E11 | D5: صفحة مطابقة كميات عقد عرعر | E5: 275,375 حبة × 0.50 (بدل قيمة العقد 440,000)
A6: 2 | B6: مبيعات المندوب أبو خالد – باقي عقود WHK (46 عقد) من 30-7-2025 إلى 31-7-2026 | C6: ='مبيعات أبو خالد'!E49-'مطابقة كميات عقد عرعر'!E11 | D6: ملف المبيعات – مبيعات أبو خالد | E6: تشمل بنود سند المسحوبات 24.2–3.6.2026 (لا تُحسب مرتين)
A7: 3 | B7: فرق سعر زهور الجزيرة لعقد عرعر (ربح المزرعة): 392,450 × (0.55 − 0.50) − فلين 3,128 | C7: 16494.5 | D7: كشف الخزنة – قيود 28-2-2026 | E7: يُبقي رصيد أبو خالد بكشف الخزنة كما هو (160,988.56 له) بعد حذف عمليات الجزيرة
B8: الإجمالي | C8: =SUM(C5:C7)
A10: ثانياً: المسحوبات النقدية من خزنة المزرعة (مديونية على أبو خالد)
A11: م | B11: البند | C11: المبلغ | D11: المصدر | E11: ملاحظة
A12: 1 | B12: مبلغ مسدد نقداً لأبو خالد من مديونيته (18-5-2026) | C12: 2000 | D12: كشف الخزنة – مستند 156 | E12: مسجل بالكشف كفاتورة على حسابه (بمثابة مرتجع نقدي للعميل) لتخفيض رصيده الدائن
A13: 2 | B13: منصرف لأبو خالد بتعليمات أبو مازن (9-3-2026) | C13: 100000 | D13: كشف الخزنة – مصروف 131 | E13: ✓ مؤكد أن أبو خالد استلمه
B14: الإجمالي | C14: =SUM(C12:C13)
A16: ثالثاً: سدادات أبو خالد لمسحوباته (مسجلة لحسابه في كشف الخزنة)
A17: م | B17: البند | C17: المبلغ | D17: المصدر | E17: ملاحظة
A18: 1 | B18: توريدات نقدية وسدادات مسجلة لحسابه بكشف الخزنة (بعد حذف إيداعات الجزيرة) | C18: =763323.81-196225-3128 | D18: كشف الحساب – عميل 5000 | E18: الأصل 763,323.81 − زهور الجزيرة 196,225 − فلين مستعمل من الجزيرة 3,128 (خاصة بعقد بساتين الرياض – محذوفة)
B19: الإجمالي | C19: =SUM(C18:C18)
A21: رابعاً: دعم أبو خالد لمزرعة الرياض (حق له)
A22: م | B22: البند | C22: المبلغ | D22: المصدر | E22: ملاحظة
A23: 1 | B23: مساهمة أبو خالد في مصروفات التأسيس | C23: 189235 | D23: بيان صاحب الحساب | E23: مساهمة أبو خالد في التأسيس – تُضاف لمصروفات التأسيس (الإجمالي 1,278,970.80)
A24: 2 | B24: أوامر شراء بساتين الرياض غير مسددة – PO-1023 | C24: 33950 | D24: ملف أوامر الشراء 2026
A25: 3 | B25: أوامر شراء بساتين الرياض – PO-0777 (المتبقي بعد سداد 11,000) | C25: 55420 | D25: ملف أوامر الشراء 2026 | E25: قيمة الأمر 66,420 − مسدد 11,000 (سند الخزنة DIS-Riyadh-0012 بتاريخ 1-7-2026) = 55,420
B26: الإجمالي | C26: =SUM(C23:C25)
B28: ملاحظة: أوامر بساتين المسددة (PO-288 و PO-287-REV1 = 147,745.75 سُددت كتسوية على حسابه، و PO-146 و PO-255 و PO-0707 مدفوعة) لم تُحتسب كدعم لأنها سُددت.

Sheet مطابقة حساب أبو خالد
A1: مطابقة مسحوبات أبو خالد: قائمة العقود (ملف المبيعات) مقابل كشف حساب الخزنة (عميل 5000)
A3: أولاً: المقارنة الإجمالية
A4: م | B4: البند | C4: حسب قائمة العقود | D4: حسب كشف الخزنة | E4: الفرق | F4: التفسير
A5: 1 | B5: عقد عرعر WHK-2364 | C5: 440000 | D5: 367803.75 | E5: =C5-D5 | F5: الكشف سجّل المسلّم فقط (5 فواتير + زهور الجزيرة 215,847.50 + زهور تبوك 38,293.75). قائمة العقود بقيمة العقد كاملة (حسب قرارك السابق)
A6: 2 | B6: عقود ما قبل 1-11-2025 (19 عقد من WHK-1909 إلى WHK-2656) | C6: 151988.75 | D6: 62937 | E6: =C6-D6 | F6: الكشف سجّلها كقيد واحد "تصفية مديونية أبو خالد حتى 31-10" بقيمة 62,937 بتاريخ 17-12-2025 بدل قيمها الفعلية
A7: 3 | B7: باقي العقود من 1-11-2025 إلى 31-7-2026 (27 عقد) | C7: 169594.5 | D7: 169594.5 | E7: =C7-D7 | F7: مطابق تماماً عقداً بعقد
B8: إجمالي المسحوبات | C8: =SUM(C5:C7) | D8: =SUM(D5:D7) | E8: =SUM(E5:E7)
A10: ثانياً: ماذا يعني "سداد أبو خالد لمسحوباته"
B11: كشف الخزنة فيه لحساب أبو خالد (عميل 5000) جانبان: مدين = الفواتير/المسحوبات 600,335.25 + صرف 2,000، ودائن = "Cash Payment" 763,323.81 وهي كل المبالغ التي وردها أبو خالد نقداً للخزنة أو دفعها عن المزرعة لموردين (زهور الجزيرة 196,225 – بذور بساتين قديم 147,745.75 – بيتموس 53,475 – جهنمية 37,550 – مراكن 20,000 ...). هذه المبالغ الدائنة هي "السداد" لأنها تُخفض رصيده. رصيد الكشف = 600,335.25 + 2,000 − 763,323.81 = −160,988.56 أي دائن لصالح أبو خالد.
A13: ثالثاً: الخيارات – اختر أحدها
A14: م | B14: الخيار | C14: المسحوبات | D14: السدادات | E14: الرصيد | F14: الشرح
A15: 1 | B15: اعتماد كشف الخزنة كما هو | C15: 602335.25 | D15: 763323.81 | E15: =C15-D15 | F15: عرعر بالمسلّم + قيد التصفية 62,937 لما قبل نوفمبر
A16: 2 | B16: قائمة العقود كاملة (المعتمد حالياً بالملف) | C16: 763583.25 | D16: 763323.81 | E16: =C16-D16 | F16: عرعر 440,000 + عقود ما قبل نوفمبر بقيمها الفعلية 151,988.75
A17: 3 | B17: الكشف مع عرعر بالقيمة الكاملة | C17: 674531.5 | D17: 763323.81 | E17: =C17-D17 | F17: يُعتمد قيد التصفية 62,937 لما قبل نوفمبر
A18: 4 | B18: الكشف مع عقود ما قبل نوفمبر بقيمها الفعلية | C18: 691387 | D18: 763323.81 | E18: =C18-D18 | F18: عرعر بالمسلّم فقط
B19: ملاحظة: الرصيد الموجب = مديونية على أبو خالد، السالب = مستحق له. (يُضاف لاحقاً دعمه 189,235 + أوامر بساتين غير المسددة ويُطرح منه ما يخص أبو مازن)
A21: رابعاً: تفصيل عقود ما قبل 1-11-2025 غير الظاهرة بالكشف
A22: م | B22: العقد | C22: التاريخ | D22: القيمة
A23: 1 | B23: WHK-1909 | C23: 45868 | D23: 11570
A24: 2 | B24: WHK-2148 | C24: 45909 | D24: 3320
A25: 3 | B25: WHK-2271 | C25: 45923 | D25: 2400
A26: 4 | B26: WHK-2283 | C26: 45924 | D26: 2800
A27: 5 | B27: WHK-2328 | C27: 45929 | D27: 4550
A28: 6 | B28: WHK-2411 | C28: 45938 | D28: 4200
A29: 7 | B29: WHK-2425 | C29: 45939 | D29: 11000
A30: 8 | B30: WHK-2434 | C30: 45941 | D30: 70250
A31: 9 | B31: WHK-2465 | C31: 45943 | D31: 1750
A32: 10 | B32: WHK-2480 | C32: 45944 | D32: 412.5
A33: 11 | B33: WHK-2498 | C33: 45945 | D33: 17055
A34: 12 | B34: WHK-2509 | C34: 45946 | D34: 3150
... A41: 19 | B41: WHK-2656 | C41: 45957 | D41: 900
B42: الإجمالي | D42: =SUM(D23:D41)
B43: بالكشف: قيد تصفية مديونية أبو خالد حتى 31-10 (17-12-2025) | D43: 62937

Sheet مطابقة كميات عقد عرعر
A1: عقد عرعر WHK-2364 – مسحوبات أبو خالد (الكميات المصروفة من الرياض + المحوّلة من تبوك) بسعر 0.50
A3: م | B3: المصدر | C3: الكمية (حبة) | D3: السعر | E3: القيمة | F3: المستند | G3: ملاحظة
A4: 1 | B4: صرف من مزرعة الرياض – بيتونيا (8-11-2025) | C4: 40000 | D4: 0.5 | E4: =C4*D4 | F4: RN-INV#40
A5: 2 | B5: صرف من مزرعة الرياض – بيتونيا (11-11-2025) | C5: 41250 | D5: 0.5 | E5: =C5*D5 | F5: RN-INV#45
A6: 3 | B6: صرف من مزرعة الرياض – بيتونيا (20-11-2025) | C6: 42000 | D6: 0.5 | E6: =C6*D6 | F6: RN-INV#54
A7: 4 | B7: صرف من مزرعة الرياض – بيتونيا (11-12-2025) | C7: 42500 | D7: 0.5 | E7: =C7*D7 | F7: RN-INV#84
A8: 5 | B8: صرف من مزرعة الرياض – بيتونيا (28-12-2025) | C8: 30000 | D8: 0.5 | E8: =C8*D8 | F8: RN-INV#100
A9: 6 | B9: صرف من مزرعة الرياض – ماري جولد (28-12-2025) | C9: 10000 | D9: 0.5 | E9: =C9*D9 | F9: RN-INV#100 | G9: صنف ماري جولد – محسوب بنفس السعر 0.50
A10: 7 | B10: محوّل من مزرعة تبوك إلى الرياض للعقد (سندا TNR-2689 و TNR-2888) | C10: 69625 | D10: 0.5 | E10: =C10*D10 | F10: كشف الخزنة 28-2-2026 "زهور تبوك 69625" | G10: سندا الترحيل TNR-2689 و TNR-2888 بقيمة 72,625 حبة، منها 3,000 زهرة تالفة – الكمية الفعلية الموردة 69,625
B11: إجمالي مسحوبات أبو خالد لعقد عرعر | C11: =SUM(C4:C10) | E11: =SUM(E4:E10) | G11: =مديونية أبو خالد عن عقد عرعر
B12: بيان كمية تبوك: 72,625 بالسندات − 3,000 تالف = 69,625 حبة موردة فعلياً
A14: ملاحظات:
A15: 1) مشتريات الجزيرة الحديثة وإيداعاتها خاصة بعقد بساتين الرياض ومسددة بالكامل – تم حذفها من كل الحسابات (مصروفات 2025، كشف الخزنة، سدادات أبو خالد، أرصدة الموردين).
A16: 2) القيمة السابقة للعقد (440,000) مستبدلة بالقيمة المحسوبة بالكميات الفعلية × 0.50.

Sheet حساب أبو مازن
A1: حساب أبو مازن – شركة نسما الشرق (مزرعة تبوك) مع مزرعة الرياض
A3: أولاً: المسحوبات المباشرة (مديونية على أبو مازن)
A4: م | B4: البند | C4: المبلغ | D4: المصدر | E4: ملاحظة
A5: 1 | B5: ترحيلات من الرياض إلى تبوك RNT | C5: ='مواد - الملخص'!J6 | D5: ملف حركات المواد – بقيم النظام | E5: ⚠ بقيم النظام – شيت المحاسب بأسعار التحويل مختلف
A6: 2 | B6: ترحيلات إلى قسم المشاريع تبوك RNP | C6: ='مواد - الملخص'!J7 | D6: ملف حركات المواد – بقيم النظام
A7: 3 | B7: تكاليف نقل خارج الرياض لصالح تبوك (15,290 كم × 1.30) | C7: ='مصاريف إدارية وديزل تبوك'!F59 | D7: ملف مراجعة المسحوبات
A8: 4 | B8: مسحوبات قبل الفترة – أوامر P00480 إلى P00523 (102,875 حبة) | C8: 0 | D8: ملف مراجعة المسحوبات | E8: ⚠ بدون أسعار – تُدخل يدوياً
B9: الإجمالي | C9: =SUM(C5:C8)
A11: ثانياً: المسحوبات النقدية (مديونية على أبو مازن)
A12: م | B12: البند | C12: المبلغ | D12: المصدر | E12: ملاحظة
A13: 1 | B13: إيداع في حساب أبو مازن من إيرادات المناديب قبل الفترة | C13: 197452 | D13: بيان صاحب الحساب | E13: ✓ مؤكد – استُلم لحسابه الشخصي
A14: 2 | B14: (منقول لحساب أبو خالد) منصرف 100,000 بتاريخ 9-3-2026 | C14: 0 | D14: كشف الخزنة – مصروف 131 | E14: تأكد أن أبو خالد هو من استلمه
A15: 3 | B15: توريد نقدي للإدارة – أبو مازن (21-5-2026) | C15: 13000 | D15: كشف الخزنة – مصروف 157 | E15: ✓ مؤكد – استُلم لحسابه الشخصي
B16: الإجمالي | C16: =SUM(C13:C15)
A18: ثالثاً: دعم أبو مازن / نسما لمزرعة الرياض (حق له)
A19: م | B19: البند | C19: المبلغ | D19: المصدر | E19: ملاحظة
A20: 1 | B20: مصروفات التأسيس المدفوعة من أبو مازن / نسما | C20: ='مصروفات التأسيس'!E27 | D20: كشف مصروفات التأسيس | E20: كشف التأسيس 1,089,735.80 – مساهمة أبو خالد (189,235) منفصلة ومضافة عليها
A21: 2 | B21: ترحيلات من تبوك إلى الرياض TNR | C21: ='مواد - الملخص'!J5 | D21: ملف حركات المواد – بقيم النظام
A22: 3 | B22: مصروفات إدارية 2025 | C22: ='مصاريف إدارية وديزل تبوك'!D12 | D22: كشف المصاريف الإدارية
A23: 4 | B23: مصروفات إدارية وحكومية 2026 (تشمل إيجار المزرعة 150,000) | C23: ='مصاريف إدارية وديزل تبوك'!D36 | D23: تقرير العهدة الإدارية
A24: 5 | B24: ديزل مدفوع من نسما | C24: ='مصاريف إدارية وديزل تبوك'!F42 | D24: شيت الديزل | E24: ⚠ قد يتداخل مع ديزل العهد
A25: 6 | B25: مشتريات 2025 مدفوعة من نسما (تحويل بنكي) | C25: 226679.26 | D25: ملف مصروفات 2025 | E25: ⚠ الرقم اليدوي بالملف 269,099.26 (فرق 42,420 بدون حركات)
B26: الإجمالي | C26: =SUM(C20:C25)

Sheet إيرادات قبل الفترة
A1: إيرادات ومصروفات المزرعة قبل 30-7-2025 (ليست دعماً من أي شريك)
A3: التسوية
A4: م | B4: البند | C4: المبلغ | D4: المصدر | E4: ملاحظة
A5: 1 | B5: إيرادات المناديب (1-10-2024 إلى 30-6-2025) | C5: 610688 | D5: ملف المبيعات
A6: 2 | B6: يُخصم: مصروفات تشغيل دفعها م/ عادل من الإيرادات | C6: -413236 | D6: ملف المصاريف التشغيلية
A7: 3 | B7: يُخصم: المودع في حساب أبو مازن | C7: -197452 | D7: بيان صاحب الحساب | E7: مُدرج كمسحوبات نقدية على أبو مازن
B8: الإجمالي | C8: =SUM(C5:C7)
E9: الصافي = صفر ✓
B11: مصروفات تشغيل 2-2024 إلى 12-2024 (412,040.67) صُرفت من إيرادات المزرعة – لا تُحتسب دعماً لأي شريك.

Sheet تحقق سند أبو خالد
A1: مراجعة سند "مسحوبات بساتين الرياض من 24.2.2026 حتى 3.6.2026" مقابل فواتير أبو خالد
A2: سند الصرف | B2: العقد | C2: الفاتورة | D2: الصنف | E2: الكمية بالسند | F2: الكمية بالفاتورة | G2: سعر السند | H2: سعر الفاتورة | I2: الفرق بالقيمة | J2: الحالة
A3: #141 | B3: WHK-3923 | C3: RN-INV#166 | D3: OD696 أقحوان | E3: 2075 | F3: 2075 | G3: 1.5 | H3: 1.5 | I3: =E3*G3-F3*H3 | J3: الكمية مطابقة والسعر مطابق
A4: #141 | B4: WHK-3923 | C4: RN-INV#166 | D4: OD603 جرانيوم 9 | E4: 3000 | F4: 3000 | G4: 0.95 | H4: 1.25 | I4: =E4*G4-F4*H4 | J4: الكمية مطابقة – السعر مختلف
A5: #261 | B5: WHK-4256 | C5: RN-INV#227 | D5: OD562 زينيا | E5: 25625 | F5: 25625 | G5: 0.55 | H5: 0.5 | I5: =E5*G5-F5*H5 | J5: الكمية مطابقة – السعر مختلف
A6: #261 | B6: WHK-4256 | C6: RN-INV#227 | D6: OD563 سيلوزيا | E6: 3000 | F6: 3000 | G6: 0.55 | H6: 0.5 | I6: =E6*G6-F6*H6 | J6: الكمية مطابقة – السعر مختلف
A7: #261 | B7: WHK-4256 | C7: RN-INV#227 | D7: OD564 امرانتس | E7: 5000 | F7: 5000 | G7: 0.55 | H7: 0.5 | I7: =E7*G7-F7*H7 | J7: الكمية مطابقة – السعر مختلف
A8: #261 | B8: WHK-4256 | C8: RN-INV#227 | D8: OD565 جازانيا | E8: 4475 | F8: 4475 | G8: 0.55 | H8: 0.5 | I8: =E8*G8-F8*H8 | J8: الكمية مطابقة – السعر مختلف
A9: #261 | B9: WHK-4256 | C9: RN-INV#227 | D9: OD454 تيكوماريا | E9: 50 | F9: 50 | G9: 2.5 | H9: 4 | I9: =E9*G9-F9*H9 | J9: الكمية مطابقة – السعر مختلف
A10: #261 | B10: WHK-4256 | C10: RN-INV#227 | D10: OD623 تيسبيسيا | E10: 4 | F10: 4 | G10: 49.5 | H10: 60 | I10: =E10*G10-F10*H10 | J10: الكمية مطابقة – السعر مختلف
A11: #269 | B11: WHK-4275 | C11: RN-INV#231 | D11: OD569 فينكا | E11: 37400 | F11: 37400 | G11: 0.55 | H11: 0.55 | I11: =E11*G11-F11*H11 | J11: الكمية مطابقة والسعر مطابق
A12: #269 | B12: WHK-4275 | C12: RN-INV#231 | D12: OD567 كيليوس | E12: 2200 | F12: 2200 | G12: 0.55 | H12: 0.55 | I12: =E12*G12-F12*H12 | J12: الكمية مطابقة والسعر مطابق
A13: #279 | B13: WHK-4291 | C13: RN-INV#239 | D13: OD569 فينكا | E13: 5700 | F13: 5700 | G13: 0.55 | H13: 0.55 | I13: =E13*G13-F13*H13 | J13: الكمية مطابقة والسعر مطابق
A14: #285 | B14: WHK-4305 | C14: RN-INV#243 | D14: OD569 فينكا | E14: 5500 | F14: 5500 | G14: 0.55 | H14: 0.55 | I14: =E14*G14-F14*H14 | J14: الكمية مطابقة والسعر مطابق
A15: #296 | B15: WHK-4323 | C15: RN-INV#250 | D15: OD564 امرانتس | E15: 1500 | F15: 1500 | G15: 0.55 | H15: 0.5 | I15: =E15*G15-F15*H15 | J15: الكمية مطابقة – السعر مختلف
A16: الإجمالي | I16: =SUM(I3:I15)
A18: النتيجة: كل بنود السند (13 بند، 6 عقود) هي مسحوبات عقود أبو خالد WHK ومطابقة للكميات في الفواتير المبدئية 166 و227 و231 و239 و243 و250، وكلها مدرجة بالفعل في مبيعات أبو خالد.
A19: إجمالي السند 56,005.50 مقابل 55,042.50 بالفواتير (فرق 963) بسبب اختلاف الأسعار في 3 سندات: #141 الجرانيوم 0.95 بدل 1.25 (−900)، #261 أسعار السند 0.55 بدل 0.50 وتيكوماريا وتيسبيسيا أقل (+1,788)، #296 الامرانتس 0.55 بدل 0.50 (+75).
A20: عنوان السند مكتوب "حتى 3.7.2026" بينما اسم الملف "3.6.2026" – آخر حركة بالسند 18-5-2026.

Sheet مبيعات - الملخص
A1: ملخص إجمالي مبيعات المناديب – مزرعة الرياض
A2: الفترة كاملة: من 1-10-2024 إلى 31-7-2026 – مبيعات ما قبل 30-7-2025 (إجمالي شهري غير موزع على المناديب) + شيت المبيعات (عقود الجملة من 30-7-2025 حتى 3-6-2026) + النظام الجديد برقم السيارة (شهري 6 و7 لسنة 2026)
A4: المندوب | B4: عقود الجملة (30-7-2025 إلى 3-6-2026) | C4: النظام الجديد – السيارة (6 و7 لسنة 2026) | D4: إجمالي مبيعات المندوب | E4: الإجمالي حسب المحاسب | F4: الفرق | G4: السيارة
A5: عصمت الله خان | B5: =SUMIFS('مبيعات عصمت'!E2:E255,'مبيعات عصمت'!I2:I255,"شيت المبيعات (عقود الجملة)") | C5: =SUMIFS('مبيعات عصمت'!E2:E255,'مبيعات عصمت'!I2:I255,"النظام الجديد*") | D5: ='مبيعات عصمت'!E256 | E5: ='مبيعات عصمت'!D256 | F5: =D5-E5 | G5: VHC-1219
A6: عماد حمدي | B6: =SUMIFS('مبيعات عماد'!E2:E59,'مبيعات عماد'!I2:I59,"شيت المبيعات (عقود الجملة)") | C6: =SUMIFS('مبيعات عماد'!E2:E59,'مبيعات عماد'!I2:I59,"النظام الجديد*") | D6: ='مبيعات عماد'!E60 | E6: ='مبيعات عماد'!D60 | F6: =D6-E6 | G6: VHC-3010
A7: م/ عادل أبو خالد | B7: =SUMIFS('مبيعات أبو خالد'!E2:E48,'مبيعات أبو خالد'!I2:I48,"شيت المبيعات (عقود الجملة)") | C7: =SUMIFS('مبيعات أبو خالد'!E2:E48,'مبيعات أبو خالد'!I2:I48,"النظام الجديد*") | D7: ='مبيعات أبو خالد'!E49 | E7: ='مبيعات أبو خالد'!D49 | F7: =D7-E7 | G7: —
A8: مبيعات قبل 30.7.2025 (1-10-2024 إلى 30-6-2025) – غير موزعة على المناديب | D8: ='مبيعات قبل 30.7.2025'!C12 | G8: —
A9: الإجمالي الكلي (1-10-2024 إلى 31-7-2026) | B9: =SUM(B5:B8) | C9: =SUM(C5:C8) | D9: =SUM(D5:D8) | E9: =SUM(E5:E8) | F9: =SUM(F5:F8)
A11: ملاحظات المراجعة (كل الأرقام بالقيمة الإجمالية كما هي بالمستندات):
A12: 1) عصمت (WHT): شيت المحاسب مكتوب "من 9-10-2025" لكنه أدرج عقوداً من يوليو–سبتمبر، وأسقط 4 عقود من 1 إلى 8 أكتوبر (WHT-2348/2358/2378/2408 = 21,087.50) فتمت إضافتها.
A13: 2) عصمت: عقدان WHT-2756 و WHT-2758 (16,810.00) موجودان في سجل العقود فقط، بدون فاتورة مبدئية ولا قيد في الكشف – تمت إضافتهما.
A14: 3) عصمت: 3 عقود مكررة الرقم في شيت المحاسب (WHT-3786 و WHT-4052 و WHT-4234) – القيم صحيحة والأرقام الصحيحة WHT-3804 و WHT-4062 و WHT-4243.
A15: 4) العقدان WHT-1908 (16,658.75) و WHK-1909 (11,570.00) بتاريخ 30-7-2025 – بداية الفترة.
A16: 5) أبو خالد (WHK): عقد عرعر WHK-2364 أُدرج بالقيمة الكاملة 440,000 بناءً على طلبك، علماً بأن المسجل بكشف الحساب 367,803.75 (الفرق 72,196.25 بدون قيد بالكشف).
A17: 6) أبو خالد: العقد WHK-3400 (505.00 – فاتورة 103) سقط من شيت المحاسب فتمت إضافته.
A18: 7) عماد (WHE): الشيت مطابق تماماً للفواتير المبدئية وسجل العقود (45 عقد).
A19: 8) مبيعات النظام الجديد (برقم السيارة) مدمجة في صفحة كل مندوب: السيارة 1219 = عصمت، والسيارة 3010 = عماد. المحاسب لم يخصم 3 فواتير مرتجعة بالكامل لسيارة 1219 (4,123.90). شيت المرتجعات فيه صفّان مكرران (WS-RET-0002 و 0003).
A20: 9) بعض التواريخ في ملفات المحاسب مقلوبة (يوم/شهر) مثل 2026-11-07 وهي 7-11 أي 11 يوليو – تم تصحيحها.

Sheet الحركة المدمجة
A1: م | B1: التاريخ | C1: المندوب | D1: المصدر | E1: رقم العقد / الفاتورة | F1: السيارة | G1: العميل | H1: القيمة | I1: الحالة | J1: ملاحظة
A2: 1 | B2: 45868 | C2: عصمت الله خان | D2: شيت المبيعات (عقود الجملة) | E2: WHT-1908 | F2: VHC-1219 | H2: 16658.75 | I2: صحيح (ملاحظة) | J2: تاريخه 2025-07-30 قبل بداية الفترة 31-7-2025 بيوم – أُدرج بناءً على طلبك
A3: 2 | B3: 45868 | C3: م/ عادل أبو خالد | D3: شيت المبيعات (عقود الجملة) | E3: WHK-1909 | F3: — | H3: 11570 | I3: صحيح (ملاحظة) | J3: تاريخه 2025-07-30 قبل بداية الفترة 31-7-2025 بيوم – أُدرج بناءً على طلبك
A4: 3 | B4: 45878 | C4: عصمت الله خان | D4: شيت المبيعات (عقود الجملة) | E4: WHT-1892 | F4: VHC-1219 | H4: 150
A5: 4 | B5: 45885 | C5: عصمت الله خان | D5: شيت المبيعات (عقود الجملة) | E5: WHT-1934 | F5: VHC-1219 | H5: 162.5
A6: 5 | B6: 45885 | C6: عصمت الله خان | D6: شيت المبيعات (عقود الجملة) | E6: WHT-1937 | F6: VHC-1219 | H6: 50
A7: 6 | B7: 45887 | C7: عصمت الله خان | D7: شيت المبيعات (عقود الجملة) | E7: WHT-1952 | F7: VHC-1219 | H7: 450
A8: 7 | B8: 45889 | C8: عصمت الله خان | D8: شيت المبيعات (عقود الجملة) | E8: WHT-1970 | F8: VHC-1219 | H8: 125
A9: 8 | B9: 45890 | C9: عصمت الله خان | D9: شيت المبيعات (عقود الجملة) | E9: WHT-1999 | F9: VHC-1219 | H9: 800
A10: 9 | B10: 45892 | C10: عصمت الله خان | D10: شيت المبيعات (عقود الجملة) | E10: WHT-2007 | F10: VHC-1219 | H10: 155
A11: 10 | B11: 45894 | C11: عصمت الله خان | D11: شيت المبيعات (عقود الجملة) | E11: WHT-2030 | F11: VHC-1219 | H11: 350
A12: 11 | B12: 45895 | C12: عصمت الله خان | D12: شيت المبيعات (عقود الجملة) | E12: WHT-2040 | F12: VHC-1219 | H12: 205
A13: 12 | B13: 45897 | C13: عصمت الله خان | D13: شيت المبيعات (عقود الجملة) | E13: WHT-2065 | F13: VHC-1219 | H13: 62.5
A14: 13 | B14: 45901 | C14: عصمت الله خان | D14: شيت المبيعات (عقود الجملة) | E14: WHT-2084 | F14: VHC-1219 | H14: 202.5
A15: 14 | B15: 45904 | C15: عصمت الله خان | D15: شيت المبيعات (عقود الجملة) | E15: WHT-2112 | F15: VHC-1219 | H15: 517.5
... A36: 35 | B36: 45930 | C36: عصمت الله خان | D36: شيت المبيعات (عقود الجملة) | E36: WHT-2344 | F36: VHC-1219 | H36: 2485
A37: 36 | B37: 45931 | C37: عصمت الله خان | D37: شيت المبيعات (عقود الجملة) | E37: WHT-2348 | F37: VHC-1219 | H37: 3920 | I37: مضاف | J37: موجود في سجل العقود وسقط من شيت المحاسب (المحاسب بدأ من 9-10 رغم إدراجه عقود أقدم)
A38: 37 | B38: 45932 | C38: عصمت الله خان | D38: شيت المبيعات (عقود الجملة) | E38: WHT-2358 | F38: VHC-1219 | H38: 4910 | I38: مضاف | J38: موجود في سجل العقود وسقط من شيت المحاسب (المحاسب بدأ من 9-10 رغم إدراجه عقود أقدم)
A39: 38 | B39: 45934 | C39: عصمت الله خان | D39: شيت المبيعات (عقود الجملة) | E39: WHT-2378 | F39: VHC-1219 | H39: 4760 | I39: مضاف | J39: موجود في سجل العقود وسقط من شيت المحاسب (المحاسب بدأ من 9-10 رغم إدراجه عقود أقدم)
A40: 39 | B40: 45935 | C40: عصمت الله خان | D40: شيت المبيعات (عقود الجملة) | E40: WHT-2756 | F40: VHC-1219 | H40: 3520 | I40: مضاف | J40: موجود في سجل العقود فقط (بدون فاتورة مبدئية وغير مسجل بالكشف) – يحتاج تأكيد
A41: 40 | B41: 45935 | C41: م/ عادل أبو خالد | D41: شيت المبيعات (عقود الجملة) | E41: WHK-2364 | F41: — | H41: ='مطابقة كميات عقد عرعر'!E11 | I41: صحيح (ملاحظة) | J41: عقد عرعر بالكميات الفعلية × 0.50 (بدل 440,000)
A42: 41 | B42: 45936 | C42: عصمت الله خان | D42: شيت المبيعات (عقود الجملة) | E42: WHT-2758 | F42: VHC-1219 | H42: 13290 | I42: مضاف | J42: موجود في سجل العقود فقط (بدون فاتورة مبدئية وغير مسجل بالكشف) – يحتاج تأكيد
A43: 42 | B43: 45938 | C43: عصمت الله خان | D43: شيت المبيعات (عقود الجملة) | E43: WHT-2408 | F43: VHC-1219 | H43: 7497.5 | I43: مضاف | J43: موجود في سجل العقود وسقط من شيت المحاسب (المحاسب بدأ من 9-10 رغم إدراجه عقود أقدم)
A44: 43 | B44: 45938 | C44: م/ عادل أبو خالد | D44: شيت المبيعات (عقود الجملة) | E44: WHK-2411 | F44: — | H44: 4200
A45: 44 | B45: 45939 | C45: عصمت الله خان | D45: شيت المبيعات (عقود الجملة) | E45: WHT-2423 | F45: VHC-1219 | H45: 5790
A46: 45 | B46: 45939 | C46: م/ عادل أبو خالد | D46: شيت المبيعات (عقود الجملة) | E46: WHK-2425 | F46: — | H46: 11000
A47: 46 | B47: 45941 | C47: عصمت الله خان | D47: شيت المبيعات (عقود الجملة) | E47: WHT-2437 | F47: VHC-1219 | H47: 10270
A48: 47 | B48: 45941 | C48: م/ عادل أبو خالد | D48: شيت المبيعات (عقود الجملة) | E48: WHK-2434 | F48: — | H48: 70250
A49: 48 | B49: 45942 | C49: عصمت الله خان | D49: شيت المبيعات (عقود الجملة) | E49: WHT-2454 | F49: VHC-1219 | H49: 6282.5
A50: 49 | B50: 45943 | C50: عصمت الله خان | D50: شيت المبيعات (عقود الجملة) | E50: WHT-2471 | F50: VHC-1219 | H50: 3275
A51: 50 | B51: 45943 | C51: م/ عادل أبو خالد | D51: شيت المبيعات (عقود الجملة) | E51: WHK-2465 | F51: — | H51: 1750
A52: 51 | B52: 45944 | C52: عصمت الله خان | D52: شيت المبيعات (عقود الجملة) | E52: WHT-2483 | F52: VHC-1219 | H52: 6077.5
A53: 52 | B53: 45944 | C53: م/ عادل أبو خالد | D53: شيت المبيعات (عقود الجملة) | E53: WHK-2480 | F53: — | H53: 412.5
A54: 53 | B54: 45945 | C54: عصمت الله خان | D54: شيت المبيعات (عقود الجملة) | E54: WHT-2501 | F54: VHC-1219 | H54: 6087.5
A55: 54 | B55: 45945 | C55: م/ عادل أبو خالد | D55: شيت المبيعات (عقود الجملة) | E55: WHK-2498 | F55: — | H55: 17055
... A145: 144 | B145: 46021 | C145: عماد حمدي | D145: شيت المبيعات (عقود الجملة) | E145: WHE-3402 | F145: VHC-3010 | H145: 6097.5
A146: 145 | B146: 46021 | C146: م/ عادل أبو خالد | D146: شيت المبيعات (عقود الجملة) | E146: WHK-3400 | F146: — | H146: 505 | I146: مضاف | J146: فاتورة مبدئية 103 ومسجلة بكشف الحساب – سقطت من شيت المحاسب
A147: 146 | B147: 46023 | C147: عصمت الله خان | D147: شيت المبيعات (عقود الجملة) | E147: WHT-3426 | F147: VHC-1219 | H147: 790
A148: 147 | B148: 46024 | C148: عماد حمدي | D148: شيت المبيعات (عقود الجملة) | E148: WHE-3424 | F148: VHC-3010 | H148: 6577.5
A149: 148 | B149: 46025 | C149: عصمت الله خان | D149: شيت المبيعات (عقود الجملة) | E149: WHT-3431 | F149: VHC-1219 | H149: 1412.5
A150: 149 | B150: 46026 | C150: عصمت الله خان | D150: شيت المبيعات (عقود الجملة) | E150: WHT-3448 | F150: VHC-1219 | H150: 42695
A151: 150 | B151: 46027 | C151: عصمت الله خان | D151: شيت المبيعات (عقود الجملة) | E151: WHT-3464 | F151: VHC-1219 | H151: 1972.5
A152: 151 | B152: 46027 | C152: عماد حمدي | D152: شيت المبيعات (عقود الجملة) | E152: WHE-3475 | F152: VHC-3010 | H152: 8985
A153: 152 | B153: 46028 | C153: عصمت الله خان | D153: شيت المبيعات (عقود الجملة) | E153: WHT-3488 | F153: VHC-1219 | H153: 3500
A154: 153 | B154: 46029 | C154: عصمت الله خان | D154: شيت المبيعات (عقود الجملة) | E154: WHT-3496 | F154: VHC-1219 | H154: 1095
A155: 154 | B155: 46030 | C155: عصمت الله خان | D155: شيت المبيعات (عقود الجملة) | E155: WHT-3503 | F155: VHC-1219 | H155: 2020
A156: 155 | B156: 46032 | C156: عصمت الله خان | D156: شيت المبيعات (عقود الجملة) | E156: WHT-3518 | F156: VHC-1219 | H156: 2175
A157: 156 | B157: 46034 | C157: عصمت الله خان | D157: شيت المبيعات (عقود الجملة) | E157: WHT-3543 | F157: VHC-1219 | H157: 5655
A158: 157 | B158: 46035 | C158: عصمت الله خان | D158: شيت المبيعات (عقود الجملة) | E158: WHT-3549 | F158: VHC-1219 | H158: 2130
... A188: 187 | B188: 46062 | C188: عماد حمدي | D188: شيت المبيعات (عقود الجملة) | E188: WHE-3784 | F188: VHC-3010 | H188: 6660
A189: 188 | B189: 46063 | C189: عصمت الله خان | D189: شيت المبيعات (عقود الجملة) | E189: WHT-3804 | F189: VHC-1219 | H189: 4472.5 | I189: صحيح (تصحيح رقم) | J189: رقم العقد مكرر في شيت المحاسب – الصحيح WHT-3804
A190: 189 | B190: 46064 | C190: عصمت الله خان | D190: شيت المبيعات (عقود الجملة) | E190: WHT-3814 | F190: VHC-1219 | H190: 6267.5
A191: 190 | B191: 46064 | C191: م/ عادل أبو خالد | D191: شيت المبيعات (عقود الجملة) | E191: WHK-3809 | F191: — | H191: 3125
A192: 191 | B192: 46065 | C192: عصمت الله خان | D192: شيت المبيعات (عقود الجملة) | E192: WHT-3828 | F192: VHC-1219 | H192: 5862.5
A193: 192 | B193: 46065 | C193: عماد حمدي | D193: شيت المبيعات (عقود الجملة) | E193: WHE-3834 | F193: VHC-3010 | H193: 4628.75
A194: 193 | B194: 46067 | C194: عصمت الله خان | D194: شيت المبيعات (عقود الجملة) | E194: WHT-3837 | F194: VHC-1219 | H194: 7380
A195: 194 | B195: 46068 | C195: عصمت الله خان | D195: شيت المبيعات (عقود الجملة) | E195: WHT-3851 | F195: VHC-1219 | H195: 5520
A196: 195 | B196: 46068 | C196: عماد حمدي | D196: شيت المبيعات (عقود الجملة) | E196: WHE-3842 | F196: VHC-3010 | H196: 9600
A197: 196 | B197: 46069 | C197: عصمت الله خان | D197: شيت المبيعات (عقود الجملة) | E197: WHT-3857 | F197: VHC-1219 | H197: 5447.75
A198: 197 | B198: 46070 | C198: عصمت الله خان | D198: شيت المبيعات (عقود الجملة) | E198: WHT-3864 | F198: VHC-1219 | H198: 6536.25
A199: 198 | B199: 46071 | C199: عصمت الله خان | D199: شيت المبيعات (عقود الجملة) | E199: WHT-3875 | F199: VHC-1219 | H199: 4275
A200: 199 | B200: 46071 | C200: عماد حمدي | D200: شيت المبيعات (عقود الجملة) | E200: WHE-3869 | F200: VHC-3010 | H200: 5768.75
A201: 200 | B201: 46072 | C201: م/ عادل أبو خالد | D201: شيت المبيعات (عقود الجملة) | E201: WHK-3878 | F201: — | H201: 2012.5
... A231: 230 | B231: 46100 | C231: عماد حمدي | D231: شيت المبيعات (عقود الجملة) | E231: WHE-4051 | F231: VHC-3010 | H231: 1355
A232: 231 | B232: 46106 | C232: عصمت الله خان | D232: شيت المبيعات (عقود الجملة) | E232: WHT-4062 | F232: VHC-1219 | H232: 636.25 | I232: صحيح (تصحيح رقم) | J232: رقم العقد مكرر في شيت المحاسب – الصحيح WHT-4062
A233: 232 | B233: 46107 | C233: عصمت الله خان | D233: شيت المبيعات (عقود الجملة) | E233: WHT-4065 | F233: VHC-1219 | H233: 543.75
A234: 233 | B234: 46110 | C234: عصمت الله خان | D234: شيت المبيعات (عقود الجملة) | E234: WHT-4075 | F234: VHC-1219 | H234: 1140
A235: 234 | B235: 46111 | C235: عصمت الله خان | D235: شيت المبيعات (عقود الجملة) | E235: WHT-4086 | F235: VHC-1219 | H235: 255
A236: 235 | B236: 46112 | C236: عصمت الله خان | D236: شيت المبيعات (عقود الجملة) | E236: WHT-4092 | F236: VHC-1219 | H236: 1306.75
A237: 236 | B237: 46113 | C237: عصمت الله خان | D237: شيت المبيعات (عقود الجملة) | E237: WHT-4097 | F237: VHC-1219 | H237: 675
A238: 237 | B238: 46114 | C238: عصمت الله خان | D238: شيت المبيعات (عقود الجملة) | E238: WHT-4103 | F238: VHC-1219 | H238: 590
A239: 238 | B239: 46116 | C239: عصمت الله خان | D239: شيت المبيعات (عقود الجملة) | E239: WHT-4108 | F239: VHC-1219 | H239: 722.5
A240: 239 | B240: 46117 | C240: عصمت الله خان | D240: شيت المبيعات (عقود الجملة) | E240: WHT-4112 | F240: VHC-1219 | H240: 2030
A241: 240 | B241: 46118 | C241: عصمت الله خان | D241: شيت المبيعات (عقود الجملة) | E241: WHT-4128 | F241: VHC-1219 | H241: 2650
A242: 241 | B242: 46119 | C242: عصمت الله خان | D242: شيت المبيعات (عقود الجملة) | E242: WHT-4134 | F242: VHC-1219 | H242: 1000
A243: 242 | B243: 46119 | C243: عماد حمدي | D243: شيت المبيعات (عقود الجملة) | E243: WHE-4130 | F243: VHC-3010 | H243: 2147.5
A244: 243 | B244: 46121 | C244: عصمت الله خان | D244: شيت المبيعات (عقود الجملة) | E244: WHT-4149 | F244: VHC-1219 | H244: 500
... A265: 264 | B265: 46141 | C265: عماد حمدي | D265: شيت المبيعات (عقود الجملة) | E265: WHE-4232 | F265: VHC-3010 | H265: 612.5
A266: 265 | B266: 46142 | C266: عصمت الله خان | D266: شيت المبيعات (عقود الجملة) | E266: WHT-4243 | F266: VHC-1219 | H266: 1350 | I266: صحيح (تصحيح رقم) | J266: رقم العقد مكرر في شيت المحاسب – الصحيح WHT-4243
A267: 266 | B267: 46144 | C267: عصمت الله خان | D267: شيت المبيعات (عقود الجملة) | E267: WHT-4247 | F267: VHC-1219 | H267: 895
A268: 267 | B268: 46145 | C268: عصمت الله خان | D268: شيت المبيعات (عقود الجملة) | E268: WHT-4260 | F268: VHC-1219 | H268: 1950
A269: 268 | B269: 46145 | C269: م/ عادل أبو خالد | D269: شيت المبيعات (عقود الجملة) | E269: WHK-4256 | F269: — | H269: 19490
A270: 269 | B270: 46146 | C270: عصمت الله خان | D270: شيت المبيعات (عقود الجملة) | E270: WHT-4270 | F270: VHC-1219 | H270: 2895
A271: 270 | B271: 46146 | C271: عماد حمدي | D271: شيت المبيعات (عقود الجملة) | E271: WHE-4261 | F271: VHC-3010 | H271: 4200
A272: 271 | B272: 46147 | C272: عصمت الله خان | D272: شيت المبيعات (عقود الجملة) | E272: WHT-4276 | F272: VHC-1219 | H272: 2880
A273: 272 | B273: 46147 | C273: م/ عادل أبو خالد | D273: شيت المبيعات (عقود الجملة) | E273: WHK-4275 | F273: — | H273: 21780
A274: 273 | B274: 46148 | C274: عصمت الله خان | D274: شيت المبيعات (عقود الجملة) | E274: WHT-4285 | F274: VHC-1219 | H274: 3330
A275: 274 | B275: 46148 | C275: عماد حمدي | D275: شيت المبيعات (عقود الجملة) | E275: WHE-4278 | F275: VHC-3010 | H275: 3328.75
A276: 275 | B276: 46149 | C276: عصمت الله خان | D276: شيت المبيعات (عقود الجملة) | E276: WHT-4287 | F276: VHC-1219 | H276: 3060
A277: 276 | B277: 46149 | C277: عماد حمدي | D277: شيت المبيعات (عقود الجملة) | E277: WHE-4286 | F277: VHC-3010 | H277: 6000
A278: 277 | B278: 46151 | C278: عصمت الله خان | D278: شيت المبيعات (عقود الجملة) | E278: WHT-4289 | F278: VHC-1219 | H278: 4337.5
... A304: 303 | B304: 46176 | C304: عماد حمدي | D304: شيت المبيعات (عقود الجملة) | E304: WHE-4358 | F304: VHC-3010 | H304: 4810
A305: 304 | B305: 46186 | C305: عصمت الله خان | D305: النظام الجديد (السيارات) | E305: WS-INV-0038 | F305: VHC-1219 | G305: مشاتل طريق ملك عبدالله-الرياض | H305: 340.5 | I305: مكتمل
A306: 305 | B306: 46186 | C306: عصمت الله خان | D306: النظام الجديد (السيارات) | E306: WS-INV-0035 | F306: VHC-1219 | G306: مشاتل مخرج 15-الرياض | H306: 2135 | I306: مكتمل
A307: 306 | B307: 46186 | C307: عصمت الله خان | D307: النظام الجديد (السيارات) | E307: WS-INV-0034 | F307: VHC-1219 | G307: مشتل سالم-الرياض | H307: 105 | I307: مكتمل
A308: 307 | B308: 46186 | C308: عصمت الله خان | D308: النظام الجديد (السيارات) | E308: WS-INV-0002 | F308: VHC-1219 | G308: مشتل نسيم الصبا - الرياض | H308: 310 | I308: مكتمل
A309: 308 | B309: 46186 | C309: عصمت الله خان | D309: النظام الجديد (السيارات) | E309: WS-INV-0001 | F309: VHC-1219 | G309: مشتل عبدالقادر-الرياض | H309: 2007.5 | I309: مكتمل
A310: 309 | B310: 46187 | C310: عصمت الله خان | D310: النظام الجديد (السيارات) | E310: WS-INV-0048 | F310: VHC-1219 | G310: مشتل حي لبن - الرياض | H310: 2250 | I310: مكتمل
A311: 310 | B311: 46187 | C311: عصمت الله خان | D311: النظام الجديد (السيارات) | E311: WS-INV-0040 | F311: VHC-1219 | G311: مشاتل طريق مخرج 8-الرياض | H311: 1967 | I311: مكتمل
A312: 311 | B312: 46187 | C312: عصمت الله خان | D312: النظام الجديد (السيارات) | E312: WS-INV-0039 | F312: VHC-1219 | G312: مشاتل طريق خريص-الرياض | H312: 2310 | I312: مكتمل
...

Sheet مبيعات - شهري
A1: الشهر | B1: عصمت الله خان | C1: عماد حمدي | D1: م/ عادل أبو خالد | E1: الإجمالي | F1: منها: النظام الجديد (السيارات)
A2: أكتوبر 2024 | E2: 103500 | F2: 0
A3: نوفمبر 2024 | E3: 137450 | F3: 0
A4: ديسمبر 2024 | E4: 95230 | F4: 0
A5: يناير 2025 | E5: 55300 | F5: 0
A6: فبراير 2025 | E6: 35920 | F6: 0
A7: مارس 2025 | E7: 15100 | F7: 0
A8: إبريل 2025 | E8: 90160 | F8: 0
A9: مايو 2025 | E9: 50310 | F9: 0
A10: يونيه 2025 | E10: 27718 | F10: 0
A11: 07-2025 | B11: =SUMIFS('الحركة المدمجة'!H:H,'الحركة المدمجة'!C:C,"عصمت الله خان",'الحركة المدمجة'!B:B,">="&DATE(2025,7,1),'الحركة المدمجة'!B:B,"<"&DATE(2025,8,1)) | C11: =SUMIFS('الحركة المدمجة'!H:H,'الحركة المدمجة'!C:C,"عماد حمدي",'الحركة المدمجة'!B:B,">="&DATE(2025,7,1),'الحركة المدمجة'!B:B,"<"&DATE(2025,8,1)) | D11: =SUMIFS('الحركة المدمجة'!H:H,'الحركة المدمجة'!C:C,"م/ عادل أبو خالد",'الحركة المدمجة'!B:B,">="&DATE(2025,7,1),'الحركة المدمجة'!B:B,"<"&DATE(2025,8,1)) | E11: =SUM(B11:D11) | F11: =SUMIFS('الحركة المدمجة'!H:H,'الحركة المدمجة'!D:D,"النظام الجديد (السيارات)",'الحركة المدمجة'!B:B,">="&DATE(2025,7,1),'الحركة المدمجة'!B:B,"<"&DATE(2025,8,1))
A12: 08-2025 | B12: =SUMIFS('الحركة المدمجة'!H:H,'الحركة المدمجة'!C:C,"عصمت الله خان",'الحركة المدمجة'!B:B,">="&DATE(2025,8,1),'الحركة المدمجة'!B:B,"<"&DATE(2025,9,1)) | C12: =SUMIFS('الحركة المدمجة'!H:H,'الحركة المدمجة'!C:C,"عماد حمدي",'الحركة المدمجة'!B:B,">="&DATE(2025,8,1),'الحركة المدمجة'!B:B,"<"&DATE(2025,9,1)) | D12: =SUMIFS('الحركة المدمجة'!H:H,'الحركة المدمجة'!C:C,"م/ عادل أبو خالد",'الحركة المدمجة'!B:B,">="&DATE(2025,8,1),'الحركة المدمجة'!B:B,"<"&DATE(2025,9,1)) | E12: =SUM(B12:D12) | F12: =SUMIFS('الحركة المدمجة'!H:H,'الحركة المدمجة'!D:D,"النظام الجديد (السيارات)",'الحركة المدمجة'!B:B,">="&DATE(2025,8,1),'الحركة المدمجة'!B:B,"<"&DATE(2025,9,1))
A13: 09-2025 | B13: =SUMIFS('الحركة المدمجة'!H:H,'الحركة المدمجة'!C:C,"عصمت الله خان",'الحركة المدمجة'!B:B,">="&DATE(2025,9,1),'الحركة المدمجة'!B:B,"<"&DATE(2025,10,1)) | C13: =SUMIFS('الحركة المدمجة'!H:H,'الحركة المدمجة'!C:C,"عماد حمدي",'الحركة المدمجة'!B:B,">="&DATE(2025,9,1),'الحركة المدمجة'!B:B,"<"&DATE(2025,10,1)) | D13: =SUMIFS('الحركة المدمجة'!H:H,'الحركة المدمجة'!C:C,"م/ عادل أبو خالد",'الحركة المدمجة'!B:B,">="&DATE(2025,9,1),'الحركة المدمجة'!B:B,"<"&DATE(2025,10,1)) | E13: =SUM(B13:D13) | F13: =SUMIFS('الحركة المدمجة'!H:H,'الحركة المدمجة'!D:D,"النظام الجديد (السيارات)",'الحركة المدمجة'!B:B,">="&DATE(2025,9,1),'الحركة المدمجة'!B:B,"<"&DATE(2025,10,1))
A14: 10-2025 | B14: =SUMIFS('الحركة المدمجة'!H:H,'الحركة المدمجة'!C:C,"عصمت الله خان",'الحركة المدمجة'!B:B,">="&DATE(2025,10,1),'الحركة المدمجة'!B:B,"<"&DATE(2025,11,1)) | C14: =SUMIFS('الحركة المدمجة'!H:H,'الحركة المدمجة'!C:C,"عماد حمدي",'الحركة المدمجة'!B:B,">="&DATE(2025,10,1),'الحركة المدمجة'!B:B,"<"&DATE(2025,11,1)) | D14: =SUMIFS('الحركة المدمجة'!H:H,'الحركة المدمجة'!C:C,"م/ عادل أبو خالد",'الحركة المدمجة'!B:B,">="&DATE(2025,10,1),'الحركة المدمجة'!B:B,"<"&DATE(2025,11,1)) | E14: =SUM(B14:D14) | F14: =SUMIFS('الحركة المدمجة'!H:H,'الحركة المدمجة'!D:D,"النظام الجديد (السيارات)",'الحركة المدمجة'!B:B,">="&DATE(2025,10,1),'الحركة المدمجة'!B:B,"<"&DATE(2025,11,1))
A15: 11-2025 | B15: =SUMIFS('الحركة المدمجة'!H:H,'الحركة المدمجة'!C:C,"عصمت الله خان",'الحركة المدمجة'!B:B,">="&DATE(2025,11,1),'الحركة المدمجة'!B:B,"<"&DATE(2025,12,1)) | C15: =SUMIFS('الحركة المدمجة'!H:H,'الحركة المدمجة'!C:C,"عماد حمدي",'الحركة المدمجة'!B:B,">="&DATE(2025,11,1),'الحركة المدمجة'!B:B,"<"&DATE(2025,12,1)) | D15: =SUMIFS('الحركة المدمجة'!H:H,'الحركة المدمجة'!C:C,"م/ عادل أبو خالد",'الحركة المدمجة'!B:B,">="&DATE(2025,11,1),'الحركة المدمجة'!B:B,"<"&DATE(2025,12,1)) | E15: =SUM(B15:D15) | F15: =SUMIFS('الحركة المدمجة'!H:H,'الحركة المدمجة'!D:D,"النظام الجديد (السيارات)",'الحركة المدمجة'!B:B,">="&DATE(2025,11,1),'الحركة المدمجة'!B:B,"<"&DATE(2025,12,1))
A16: 12-2025 | B16: =SUMIFS('الحركة المدمجة'!H:H,'الحركة المدمجة'!C:C,"عصمت الله خان",'الحركة المدمجة'!B:B,">="&DATE(2025,12,1),'الحركة المدمجة'!B:B,"<"&DATE(2026,1,1)) | C16: =SUMIFS('الحركة المدمجة'!H:H,'الحركة المدمجة'!C:C,"عماد حمدي",'الحركة المدمجة'!B:B,">="&DATE(2025,12,1),'الحركة المدمجة'!B:B,"<"&DATE(2026,1,1)) | D16: =SUMIFS('الحركة المدمجة'!H:H,'الحركة المدمجة'!C:C,"م/ عادل أبو خالد",'الحركة المدمجة'!B:B,">="&DATE(2025,12,1),'الحركة المدمجة'!B:B,"<"&DATE(2026,1,1)) | E16: =SUM(B16:D16) | F16: =SUMIFS('الحركة المدمجة'!H:H,'الحركة المدمجة'!D:D,"النظام الجديد (السيارات)",'الحركة المدمجة'!B:B,">="&DATE(2025,12,1),'الحركة المدمجة'!B:B,"<"&DATE(2026,1,1))
A17: 01-2026 | B17: =SUMIFS('الحركة المدمجة'!H:H,'الحركة المدمجة'!C:C,"عصمت الله خان",'الحركة المدمجة'!B:B,">="&DATE(2026,1,1),'الحركة المدمجة'!B:B,"<"&DATE(2026,2,1)) | C17: =SUMIFS('الحركة المدمجة'!H:H,'الحركة المدمجة'!C:C,"عماد حمدي",'الحركة المدمجة'!B:B,">="&DATE(2026,1,1),'الحركة المدمجة'!B:B,"<"&DATE(2026,2,1)) | D17: =SUMIFS('الحركة المدمجة'!H:H,'الحركة المدمجة'!C:C,"م/ عادل أبو خالد",'الحركة المدمجة'!B:B,">="&DATE(2026,1,1),'الحركة المدمجة'!B:B,"<"&DATE(2026,2,1)) | E17: =SUM(B17:D17) | F17: =SUMIFS('الحركة المدمجة'!H:H,'الحركة المدمجة'!D:D,"النظام الجديد (السيارات)",'الحركة المدمجة'!B:B,">="&DATE(2026,1,1),'الحركة المدمجة'!B:B,"<"&DATE(2026,2,1))
A18: 02-2026 | B18: =SUMIFS('الحركة المدمجة'!H:H,'الحركة المدمجة'!C:C,"عصمت الله خان",'الحركة المدمجة'!B:B,">="&DATE(2026,2,1),'الحركة المدمجة'!B:B,"<"&DATE(2026,3,1)) | C18: =SUMIFS('الحركة المدمجة'!H:H,'الحركة المدمجة'!C:C,"عماد حمدي",'الحركة المدمجة'!B:B,">="&DATE(2026,2,1),'الحركة المدمجة'!B:B,"<"&DATE(2026,3,1)) | D18: =SUMIFS('الحركة المدمجة'!H:H,'الحركة المدمجة'!C:C,"م/ عادل أبو خالد",'الحركة المدمجة'!B:B,">="&DATE(2026,2,1),'الحركة المدمجة'!B:B,"<"&DATE(2026,3,1)) | E18: =SUM(B18:D18) | F18: =SUMIFS('الحركة المدمجة'!H:H,'الحركة المدمجة'!D:D,"النظام الجديد (السيارات)",'الحركة المدمجة'!B:B,">="&DATE(2026,2,1),'الحركة المدمجة'!B:B,"<"&DATE(2026,3,1))
A19: 03-2026 | B19: =SUMIFS('الحركة المدمجة'!H:H,'الحركة المدمجة'!C:C,"عصمت الله خان",'الحركة المدمجة'!B:B,">="&DATE(2026,3,1),'الحركة المدمجة'!B:B,"<"&DATE(2026,4,1)) | C19: =SUMIFS('الحركة المدمجة'!H:H,'الحركة المدمجة'!C:C,"عماد حمدي",'الحركة المدمجة'!B:B,">="&DATE(2026,3,1),'الحركة المدمجة'!B:B,"<"&DATE(2026,4,1)) | D19: =SUMIFS('الحركة المدمجة'!H:H,'الحركة المدمجة'!C:C,"م/ عادل أبو خالد",'الحركة المدمجة'!B:B,">="&DATE(2026,3,1),'الحركة المدمجة'!B:B,"<"&DATE(2026,4,1)) | E19: =SUM(B19:D19) | F19: =SUMIFS('الحركة المدمجة'!H:H,'الحركة المدمجة'!D:D,"النظام الجديد (السيارات)",'الحركة المدمجة'!B:B,">="&DATE(2026,3,1),'الحركة المدمجة'!B:B,"<"&DATE(2026,4,1))
A20: 04-2026 | B20: =SUMIFS('الحركة المدمجة'!H:H,'الحركة المدمجة'!C:C,"عصمت الله خان",'الحركة المدمجة'!B:B,">="&DATE(2026,4,1),'الحركة المدمجة'!B:B,"<"&DATE(2026,5,1)) | C20: =SUMIFS('الحركة المدمجة'!H:H,'الحركة المدمجة'!C:C,"عماد حمدي",'الحركة المدمجة'!B:B,">="&DATE(2026,4,1),'الحركة المدمجة'!B:B,"<"&DATE(2026,5,1)) | D20: =SUMIFS('الحركة المدمجة'!H:H,'الحركة المدمجة'!C:C,"م/ عادل أبو خالد",'الحركة المدمجة'!B:B,">="&DATE(2026,4,1),'الحركة المدمجة'!B:B,"<"&DATE(2026,5,1)) | E20: =SUM(B20:D20) | F20: =SUMIFS('الحركة المدمجة'!H:H,'الحركة المدمجة'!D:D,"النظام الجديد (السيارات)",'الحركة المدمجة'!B:B,">="&DATE(2026,4,1),'الحركة المدمجة'!B:B,"<"&DATE(2026,5,1))
A21: 05-2026 | B21: =SUMIFS('الحركة المدمجة'!H:H,'الحركة المدمجة'!C:C,"عصمت الله خان",'الحركة المدمجة'!B:B,">="&DATE(2026,5,1),'الحركة المدمجة'!B:B,"<"&DATE(2026,6,1)) | C21: =SUMIFS('الحركة المدمجة'!H:H,'الحركة المدمجة'!C:C,"عماد حمدي",'الحركة المدمجة'!B:B,">="&DATE(2026,5,1),'الحركة المدمجة'!B:B,"<"&DATE(2026,6,1)) | D21: =SUMIFS('الحركة المدمجة'!H:H,'الحركة المدمجة'!C:C,"م/ عادل أبو خالد",'الحركة المدمجة'!B:B,">="&DATE(2026,5,1),'الحركة المدمجة'!B:B,"<"&DATE(2026,6,1)) | E21: =SUM(B21:D21) | F21: =SUMIFS('الحركة المدمجة'!H:H,'الحركة المدمجة'!D:D,"النظام الجديد (السيارات)",'الحركة المدمجة'!B:B,">="&DATE(2026,5,1),'الحركة المدمجة'!B:B,"<"&DATE(2026,6,1))
A22: 06-2026 | B22: =SUMIFS('الحركة المدمجة'!H:H,'الحركة المدمجة'!C:C,"عصمت الله خان",'الحركة المدمجة'!B:B,">="&DATE(2026,6,1),'الحركة المدمجة'!B:B,"<"&DATE(2026,7,1)) | C22: =SUMIFS('الحركة المدمجة'!H:H,'الحركة المدمجة'!C:C,"عماد حمدي",'الحركة المدمجة'!B:B,">="&DATE(2026,6,1),'الحركة المدمجة'!B:B,"<"&DATE(2026,7,1)) | D22: =SUMIFS('الحركة المدمجة'!H:H,'الحركة المدمجة'!C:C,"م/ عادل أبو خالد",'الحركة المدمجة'!B:B,">="&DATE(2026,6,1),'الحركة المدمجة'!B:B,"<"&DATE(2026,7,1)) | E22: =SUM(B22:D22) | F22: =SUMIFS('الحركة المدمجة'!H:H,'الحركة المدمجة'!D:D,"النظام الجديد (السيارات)",'الحركة المدمجة'!B:B,">="&DATE(2026,6,1),'الحركة المدمجة'!B:B,"<"&DATE(2026,7,1))
A23: 07-2026 | B23: =SUMIFS('الحركة المدمجة'!H:H,'الحركة المدمجة'!C:C,"عصمت الله خان",'الحركة المدمجة'!B:B,">="&DATE(2026,7,1),'الحركة المدمجة'!B:B,"<"&DATE(2026,8,1)) | C23: =SUMIFS('الحركة المدمجة'!H:H,'الحركة المدمجة'!C:C,"عماد حمدي",'الحركة المدمجة'!B:B,">="&DATE(2026,7,1),'الحركة المدمجة'!B:B,"<"&DATE(2026,8,1)) | D23: =SUMIFS('الحركة المدمجة'!H:H,'الحركة المدمجة'!C:C,"م/ عادل أبو خالد",'الحركة المدمجة'!B:B,">="&DATE(2026,7,1),'الحركة المدمجة'!B:B,"<"&DATE(2026,8,1)) | E23: =SUM(B23:D23) | F23: =SUMIFS('الحركة المدمجة'!H:H,'الحركة المدمجة'!D:D,"النظام الجديد (السيارات)",'الحركة المدمجة'!B:B,">="&DATE(2026,7,1),'الحركة المدمجة'!B:B,"<"&DATE(2026,8,1))
A24: الإجمالي | B24: =SUM(B2:B23) | C24: =SUM(C2:C23) | D24: =SUM(D2:D23) | E24: =SUM(E2:E23) | F24: =SUM(F2:F23)

Sheet مبيعات قبل 30.7.2025
A1: مبيعات مزرعة الرياض من 2024-10-01 إلى 2025-06-30
A2: م | B2: البيان | C2: المبلغ
A3: 1 | B3: مبيعات شهر أكتوبر 2024 | C3: 103500
A4: 2 | B4: مبيعات شهر نوفمبر 2024 | C4: 137450
A5: 3 | B5: مبيعات شهر ديسمبر 2024 | C5: 95230
A6: 4 | B6: مبيعات شهر يناير 2025 | C6: 55300
A7: 5 | B7: مبيعات شهر فبراير 2025 | C7: 35920
A8: 6 | B8: مبيعات شهر مارس 2025 | C8: 15100
A9: 7 | B9: مبيعات شهر إبريل 2025 | C9: 90160
A10: 8 | B10: مبيعات شهر مايو 2025 | C10: 50310
A11: 9 | B11: مبيعات شهر يونيه 2025 | C11: 27718
B12: إجمالي المبيعات | C12: =SUM(C3:C11)
A14: ملاحظات: الإجمالي 610,688.00 مطابق لمجموع الأشهر. المبيعات غير موزعة على المناديب. لا توجد بيانات مبيعات للفترة من 1-7-2025 إلى 29-7-2025.

Sheet مبيعات عصمت
A1: م | B1: التاريخ | C1: رقم العقد | D1: القيمة بشيت المحاسب | E1: القيمة المعتمدة | F1: الحالة | G1: المستندات المؤيدة | H1: ملاحظة | I1: المصدر
A2: 1 | B2: 45868 | C2: WHT-1908 | D2: 16658.75 | E2: 16658.75 | F2: صحيح | G2: سجل العقود | H2: بداية الفترة 30-7-2025 | I2: شيت المبيعات (عقود الجملة)
A3: 2 | B3: 45878 | C3: WHT-1892 | D3: 150 | E3: 150 | F3: صحيح | G3: سجل العقود | I3: شيت المبيعات (عقود الجملة)
A4: 3 | B4: 45885 | C4: WHT-1934 | D4: 162.5 | E4: 162.5 | F4: صحيح | G4: سجل العقود | I4: شيت المبيعات (عقود الجملة)
A5: 4 | B5: 45885 | C5: WHT-1937 | D5: 50 | E5: 50 | F5: صحيح | G5: سجل العقود | I5: شيت المبيعات (عقود الجملة)
A6: 5 | B6: 45887 | C6: WHT-1952 | D6: 450 | E6: 450 | F6: صحيح | G6: سجل العقود | I6: شيت المبيعات (عقود الجملة)
A7: 6 | B7: 45889 | C7: WHT-1970 | D7: 125 | E7: 125 | F7: صحيح | G7: سجل العقود | I7: شيت المبيعات (عقود الجملة)
A8: 7 | B8: 45890 | C8: WHT-1999 | D8: 800 | E8: 800 | F8: صحيح | G8: سجل العقود | I8: شيت المبيعات (عقود الجملة)
A9: 8 | B9: 45892 | C9: WHT-2007 | D9: 155 | E9: 155 | F9: صحيح | G9: سجل العقود | I9: شيت المبيعات (عقود الجملة)
A10: 9 | B10: 45894 | C10: WHT-2030 | D10: 350 | E10: 350 | F10: صحيح | G10: سجل العقود | I10: شيت المبيعات (عقود الجملة)
A11: 10 | B11: 45895 | C11: WHT-2040 | D11: 205 | E11: 205 | F11: صحيح | G11: سجل العقود | I11: شيت المبيعات (عقود الجملة)
A12: 11 | B12: 45897 | C12: WHT-2065 | D12: 62.5 | E12: 62.5 | F12: صحيح | G12: سجل العقود | I12: شيت المبيعات (عقود الجملة)
A13: 12 | B13: 45901 | C13: WHT-2084 | D13: 202.5 | E13: 202.5 | F13: صحيح | G13: سجل العقود | I13: شيت المبيعات (عقود الجملة)
A14: 13 | B14: 45904 | C14: WHT-2112 | D14: 517.5 | E14: 517.5 | F14: صحيح | G14: سجل العقود | I14: شيت المبيعات (عقود الجملة)
... A31: 30 | B31: 45930 | C31: WHT-2344 | D31: 2485 | E31: 2485 | F31: صحيح | G31: سجل العقود | I31: شيت المبيعات (عقود الجملة)
A32: 31 | B32: 45931 | C32: WHT-2348 | D32: 0 | E32: 3920 | F32: مضاف | G32: سجل العقود | H32: موجود في سجل العقود وسقط من شيت المحاسب (المحاسب بدأ من 9-10 رغم إدراجه عقود أقدم) | I32: شيت المبيعات (عقود الجملة)
A33: 32 | B33: 45932 | C33: WHT-2358 | D33: 0 | E33: 4910 | F33: مضاف | G33: سجل العقود | H33: موجود في سجل العقود وسقط من شيت المحاسب (المحاسب بدأ من 9-10 رغم إدراجه عقود أقدم) | I33: شيت المبيعات (عقود الجملة)
A34: 33 | B34: 45934 | C34: WHT-2378 | D34: 0 | E34: 4760 | F34: مضاف | G34: سجل العقود | H34: موجود في سجل العقود وسقط من شيت المحاسب (المحاسب بدأ من 9-10 رغم إدراجه عقود أقدم) | I34: شيت المبيعات (عقود الجملة)
A35: 34 | B35: 45935 | C35: WHT-2756 | D35: 0 | E35: 3520 | F35: مضاف | G35: سجل العقود | H35: موجود في سجل العقود فقط (بدون فاتورة مبدئية وغير مسجل بالكشف) – يحتاج تأكيد | I35: شيت المبيعات (عقود الجملة)
A36: 35 | B36: 45936 | C36: WHT-2758 | D36: 0 | E36: 13290 | F36: مضاف | G36: سجل العقود | H36: موجود في سجل العقود فقط (بدون فاتورة مبدئية وغير مسجل بالكشف) – يحتاج تأكيد | I36: شيت المبيعات (عقود الجملة)
A37: 36 | B37: 45938 | C37: WHT-2408 | D37: 0 | E37: 7497.5 | F37: مضاف | G37: سجل العقود | H37: موجود في سجل العقود وسقط من شيت المحاسب (المحاسب بدأ من 9-10 رغم إدراجه عقود أقدم) | I37: شيت المبيعات (عقود الجملة)
A38: 37 | B38: 45939 | C38: WHT-2423 | D38: 5790 | E38: 5790 | F38: صحيح | G38: سجل العقود | I38: شيت المبيعات (عقود الجملة)
A39: 38 | B39: 45941 | C39: WHT-2437 | D39: 10270 | E39: 10270 | F39: صحيح | G39: سجل العقود | I39: شيت المبيعات (عقود الجملة)
A40: 39 | B40: 45942 | C40: WHT-2454 | D40: 6282.5 | E40: 6282.5 | F40: صحيح | G40: سجل العقود | I40: شيت المبيعات (عقود الجملة)
A41: 40 | B41: 45943 | C41: WHT-2471 | D41: 3275 | E41: 3275 | F41: صحيح | G41: سجل العقود | I41: شيت المبيعات (عقود الجملة)
A42: 41 | B42: 45944 | C42: WHT-2483 | D42: 6077.5 | E42: 6077.5 | F42: صحيح | G42: سجل العقود | I42: شيت المبيعات (عقود الجملة)
A43: 42 | B43: 45945 | C43: WHT-2501 | D43: 6087.5 | E43: 6087.5 | F43: صحيح | G43: سجل العقود | I43: شيت المبيعات (عقود الجملة)
A44: 43 | B44: 45946 | C44: WHT-2511 | D44: 3365 | E44: 3365 | F44: صحيح | G44: سجل العقود | I44: شيت المبيعات (عقود الجملة)
A45: 44 | B45: 45949 | C45: WHT-2541 | D45: 8378.75 | E45: 8378.75 | F45: صحيح | G45: سجل العقود | I45: شيت المبيعات (عقود الجملة)
A46: 45 | B46: 45950 | C46: WHT-2549 | D46: 6680 | E46: 6680 | F46: صحيح | G46: سجل العقود | I46: شيت المبيعات (عقود الجملة)
A47: 46 | B47: 45951 | C47: WHT-2585 | D47: 2355 | E47: 2355 | F47: صحيح | G47: سجل العقود | I47: شيت المبيعات (عقود الجملة)
A48: 47 | B48: 45952 | C48: WHT-2596 | D48: 4715 | E48: 4715 | F48: صحيح | G48: سجل العقود | I48: شيت المبيعات (عقود الجملة)
A49: 48 | B49: 45953 | C49: WHT-2607 | D49: 5998.75 | E49: 5998.75 | F49: صحيح | G49: سجل العقود | I49: شيت المبيعات (عقود الجملة)
... A133: 132 | B133: 46062 | C133: WHT-3786 | D133: 6900 | E133: 6900 | F133: صحيح | G133: فاتورة مبدئية 147، سجل العقود، كشف الحساب | I133: شيت المبيعات (عقود الجملة)
A134: 133 | B134: 46063 | C134: WHT-3804 | D134: 4472.5 | E134: 4472.5 | F134: صحيح (تصحيح رقم) | G134: فاتورة مبدئية 148، سجل العقود | H134: رقم العقد مكرر في شيت المحاسب – الصحيح WHT-3804 | I134: شيت المبيعات (عقود الجملة)
A135: 134 | B135: 46064 | C135: WHT-3814 | D135: 6267.5 | E135: 6267.5 | F135: صحيح | G135: فاتورة مبدئية 150، سجل العقود، كشف الحساب | I135: شيت المبيعات (عقود الجملة)
A136: 135 | B136: 46065 | C136: WHT-3828 | D136: 5862.5 | E136: 5862.5 | F136: صحيح | G136: فاتورة مبدئية 151، سجل العقود، كشف الحساب | I136: شيت المبيعات (عقود الجملة)
A137: 136 | B137: 46067 | C137: WHT-3837 | D137: 7380 | E137: 7380 | F137: صحيح | G137: فاتورة مبدئية 153، سجل العقود، كشف الحساب | I137: شيت المبيعات (عقود الجملة)
A138: 137 | B138: 46068 | C138: WHT-3851 | D138: 5520 | E138: 5520 | F138: صحيح | G138: فاتورة مبدئية 155، سجل العقود، كشف الحساب | I138: شيت المبيعات (عقود الجملة)
A139: 138 | B139: 46069 | C139: WHT-3857 | D139: 5447.75 | E139: 5447.75 | F139: صحيح | G139: فاتورة مبدئية 156، سجل العقود، كشف الحساب | I139: شيت المبيعات (عقود الجملة)
A140: 139 | B140: 46070 | C140: WHT-3864 | D140: 6536.25 | E140: 6536.25 | F140: صحيح | G140: فاتورة مبدئية 157، سجل العقود، كشف الحساب | I140: شيت المبيعات (عقود الجملة)
A141: 140 | B141: 46071 | C141: WHT-3875 | D141: 4275 | E141: 4275 | F141: صحيح | G141: فاتورة مبدئية 159، سجل العقود، كشف الحساب | I141: شيت المبيعات (عقود الجملة)
A142: 141 | B142: 46073 | C142: WHT-3885 | D142: 5175 | E142: 5175 | F142: صحيح | G142: فاتورة مبدئية 161، سجل العقود، كشف الحساب | I142: شيت المبيعات (عقود الجملة)
A143: 142 | B143: 46074 | C143: WHT-3905 | D143: 4030 | E143: 4030 | F143: صحيح | G143: فاتورة مبدئية 162، سجل العقود، كشف الحساب | I143: شيت المبيعات (عقود الجملة)
A144: 143 | B144: 46075 | C144: WHT-3909 | D144: 2787.5 | E144: 2787.5 | F144: صحيح | G144: فاتورة مبدئية 163، سجل العقود، كشف الحساب | I144: شيت المبيعات (عقود الجملة)
A145: 144 | B145: 46076 | C145: WHT-3918 | D145: 3787.5 | E145: 3787.5 | F145: صحيح | G145: فاتورة مبدئية 165، سجل العقود، كشف الحساب | I145: شيت المبيعات (عقود الجملة)
A146: 145 | B146: 46077 | C146: WHT-3924 | D146: 2020 | E146: 2020 | F146: صحيح | G146: فاتورة مبدئية 167، سجل العقود، كشف الحساب | I146: شيت المبيعات (عقود الجملة)
... A163: 162 | B163: 46100 | C163: WHT-4052 | D163: 3332.5 | E163: 3332.5 | F163: صحيح | G163: فاتورة مبدئية 190، سجل العقود، كشف الحساب | I163: شيت المبيعات (عقود الجملة)
A164: 163 | B164: 46106 | C164: WHT-4062 | D164: 636.25 | E164: 636.25 | F164: صحيح (تصحيح رقم) | G164: فاتورة مبدئية 191، سجل العقود | H164: رقم العقد مكرر في شيت المحاسب – الصحيح WHT-4062 | I164: شيت المبيعات (عقود الجملة)
A165: 164 | B165: 46107 | C165: WHT-4065 | D165: 543.75 | E165: 543.75 | F165: صحيح | G165: فاتورة مبدئية 192، سجل العقود، كشف الحساب | I165: شيت المبيعات (عقود الجملة)
A166: 165 | B166: 46110 | C166: WHT-4075 | D166: 1140 | E166: 1140 | F166: صحيح | G166: فاتورة مبدئية 193، سجل العقود، كشف الحساب | I166: شيت المبيعات (عقود الجملة)
A167: 166 | B167: 46111 | C167: WHT-4086 | D167: 255 | E167: 255 | F167: صحيح | G167: فاتورة مبدئية 194، سجل العقود، كشف الحساب | I167: شيت المبيعات (عقود الجملة)
A168: 167 | B168: 46112 | C168: WHT-4092 | D168: 1306.75 | E168: 1306.75 | F168: صحيح | G168: فاتورة مبدئية 195، سجل العقود، كشف الحساب | I168: شيت المبيعات (عقود الجملة)
A169: 168 | B169: 46113 | C169: WHT-4097 | D169: 675 | E169: 675 | F169: صحيح | G169: فاتورة مبدئية 196، سجل العقود، كشف الحساب | I169: شيت المبيعات (عقود الجملة)
A170: 169 | B170: 46114 | C170: WHT-4103 | D170: 590 | E170: 590 | F170: صحيح | G170: فاتورة مبدئية 197، سجل العقود، كشف الحساب | I170: شيت المبيعات (عقود الجملة)
A171: 170 | B171: 46116 | C171: WHT-4108 | D171: 722.5 | E171: 722.5 | F171: صحيح | G171: فاتورة مبدئية 198، سجل العقود، كشف الحساب | I171: شيت المبيعات (عقود الجملة)
A172: 171 | B172: 46117 | C172: WHT-4112 | D172: 2030 | E172: 2030 | F172: صحيح | G172: فاتورة مبدئية 199، سجل العقود، كشف الحساب | I172: شيت المبيعات (عقود الجملة)
A173: 172 | B173: 46118 | C173: WHT-4128 | D173: 2650 | E173: 2650 | F173: صحيح | G173: فاتورة مبدئية 200، سجل العقود، كشف الحساب | I173: شيت المبيعات (عقود الجملة)
A174: 173 | B174: 46119 | C174: WHT-4134 | D174: 1000 | E174: 1000 | F174: صحيح | G174: فاتورة مبدئية 202، سجل العقود، كشف الحساب | I174: شيت المبيعات (عقود الجملة)
A175: 174 | B175: 46121 | C175: WHT-4149 | D175: 500 | E175: 500 | F175: صحيح | G175: فاتورة مبدئية 203، سجل العقود، كشف الحساب | I175: شيت المبيعات (عقود الجملة)
A176: 175 | B176: 46123 | C176: WHT-4152 | D176: 1335 | E176: 1335 | F176: صحيح | G176: فاتورة مبدئية 204، سجل العقود، كشف الحساب | I176: شيت المبيعات (عقود الجملة)
... A187: 186 | B187: 46141 | C187: WHT-4234 | D187: 1350 | E187: 1350 | F187: صحيح | G187: فاتورة مبدئية 224، سجل العقود، كشف الحساب | I187: شيت المبيعات (عقود الجملة)
A188: 187 | B188: 46142 | C188: WHT-4243 | D188: 1350 | E188: 1350 | F188: صحيح (تصحيح رقم) | G188: فاتورة مبدئية 225، سجل العقود | H188: رقم العقد مكرر في شيت المحاسب – الصحيح WHT-4243 | I188: شيت المبيعات (عقود الجملة)
A189: 188 | B189: 46144 | C189: WHT-4247 | D189: 895 | E189: 895 | F189: صحيح | G189: فاتورة مبدئية 226، سجل العقود، كشف الحساب | I189: شيت المبيعات (عقود الجملة)
A190: 189 | B190: 46145 | C190: WHT-4260 | D190: 1950 | E190: 1950 | F190: صحيح | G190: فاتورة مبدئية 228، سجل العقود، كشف الحساب | I190: شيت المبيعات (عقود الجملة)
A191: 190 | B191: 46146 | C191: WHT-4270 | D191: 2895 | E191: 2895 | F191: صحيح | G191: فاتورة مبدئية 230، سجل العقود، كشف الحساب | I191: شيت المبيعات (عقود الجملة)
A192: 191 | B192: 46147 | C192: WHT-4276 | D192: 2880 | E192: 2880 | F192: صحيح | G192: فاتورة مبدئية 232، سجل العقود، كشف الحساب | I192: شيت المبيعات (عقود الجملة)
A193: 192 | B193: 46148 | C193: WHT-4285 | D193: 3330 | E193: 3330 | F193: صحيح | G193: فاتورة مبدئية 234، سجل العقود، كشف الحساب | I193: شيت المبيعات (عقود الجملة)
A194: 193 | B194: 46149 | C194: WHT-4287 | D194: 3060 | E194: 3060 | F194: صحيح | G194: فاتورة مبدئية 236، سجل العقود، كشف الحساب | I194: شيت المبيعات (عقود الجملة)
A195: 194 | B195: 46151 | C195: WHT-4289 | D195: 4337.5 | E195: 4337.5 | F195: صحيح | G195: فاتورة مبدئية 237، سجل العقود، كشف الحساب | I195: شيت المبيعات (عقود الجملة)
A196: 195 | B196: 46152 | C196: WHT-4299 | D196: 2415 | E196: 2415 | F196: صحيح | G196: فاتورة مبدئية 240، سجل العقود، كشف الحساب | I196: شيت المبيعات (عقود الجملة)
A197: 196 | B197: 46153 | C197: WHT-4303 | D197: 3225 | E197: 3225 | F197: صحيح | G197: فاتورة مبدئية 241، سجل العقود، كشف الحساب | I197: شيت المبيعات (عقود الجملة)
A198: 197 | B198: 46154 | C198: WHT-4307 | D198: 2448.75 | E198: 2448.75 | F198: صحيح | G198: فاتورة مبدئية 244، سجل العقود، كشف الحساب | I198: شيت المبيعات (عقود الجملة)
A199: 198 | B199: 46155 | C199: WHT-4309 | D199: 2531 | E199: 2531 | F199: صحيح | G199: فاتورة مبدئية 245، سجل العقود، كشف الحساب | I199: شيت المبيعات (عقود الجملة)
A200: 199 | B200: 46156 | C200: WHT-4313 | D200: 3370 | E200: 3370 | F200: صحيح | G200: فاتورة مبدئية 246، سجل العقود، كشف الحساب | I200: شيت المبيعات (عقود الجملة)
... A223: 222 | B223: 46191 | C223: WS-INV-0072 | D223: 1167 | E223: 1167 | F223: النظام الجديد | G223: النظام الجديد – سيارة 1219 – مشاتل مخرج 15-الرياض | I223: النظام الجديد (سيارة 1219)
A224: 223 | B224: 46193 | C224: WS-INV-0082 | D224: 1688.2 | E224: 0 | F224: مرتجع بالكامل | G224: النظام الجديد – سيارة 1219 – مشتل زهور الرياض - الرياض | H224: فاتورة مرتجعة بالكامل – الصافي صفر (المحاسب لم يخصمها) | I224: النظام الجديد (سيارة 1219)
A225: 224 | B225: 46193 | C225: WS-INV-0079 | D225: 1688.2 | E225: 0 | F225: مرتجع بالكامل | G225: النظام الجديد – سيارة 1219 – مشتل زهور الرياض - الرياض | H225: فاتورة مرتجعة بالكامل – الصافي صفر (المحاسب لم يخصمها) | I225: النظام الجديد (سيارة 1219)
A226: 225 | B226: 46194 | C226: WS-INV-0086 | D226: 645 | E226: 645 | F226: النظام الجديد | G226: النظام الجديد – سيارة 1219 – مشاتل الثمامة-الرياض | I226: النظام الجديد (سيارة 1219)
A227: 226 | B227: 46194 | C227: WS-INV-0085 | D227: 747.5 | E227: 0 | F227: مرتجع بالكامل | G227: النظام الجديد – سيارة 1219 – مشاتل الثمامة-الرياض | H227: فاتورة مرتجعة بالكامل – الصافي صفر (المحاسب لم يخصمها) | I227: النظام الجديد (سيارة 1219)
A228: 227 | B228: 46194 | C228: WS-INV-0084 | D228: 1395 | E228: 1395 | F228: النظام الجديد | G228: النظام الجديد – سيارة 1219 – مشتل زهور الرياض - الرياض | I228: النظام الجديد (سيارة 1219)
A229: 228 | B229: 46195 | C229: WS-INV-0091 | D229: 420.3125 | E229: 420.3125 | F229: النظام الجديد | G229: النظام الجديد – سيارة 1219 – مشتل نسيم الصبا - الرياض | I229: النظام الجديد (سيارة 1219)
A230: 229 | B230: 46196 | C230: WS-INV-0097 | D230: 255.5 | E230: 255.5 | F230: النظام الجديد | G230: النظام الجديد – سيارة 1219 – مشتل حي لبن - الرياض | I230: النظام الجديد (سيارة 1219)
A231: 230 | B231: 46197 | C231: WS-INV-0103 | D231: 745.04375 | E231: 745.04375 | F231: النظام الجديد | G231: النظام الجديد – سيارة 1219 – مشاتل طريق ملك عبدالله-الرياض | I231: النظام الجديد (سيارة 1219)
A232: 231 | B232: 46198 | C232: WS-INV-0106 | D232: 980.75 | E232: 980.75 | F232: النظام الجديد | G232: النظام الجديد – سيارة 1219 – مشاتل العليا-الرياض | I232: النظام الجديد (سيارة 1219)
A233: 232 | B233: 46200 | C233: WS-INV-0111 | D233: 445.06875 | E233: 445.06875 | F233: النظام الجديد | G233: النظام الجديد – سيارة 1219 – مشتل حي لبن - الرياض | I233: النظام الجديد (سيارة 1219)
A234: 233 | B234: 46201 | C234: WS-INV-0116 | D234: 1560 | E234: 1560 | F234: النظام الجديد | G234: النظام الجديد – سيارة 1219 – مشتل سالم-الرياض | I234: النظام الجديد (سيارة 1219)
A235: 234 | B235: 46202 | C235: WS-INV-0119 | D235: 1143 | E235: 1143 | F235: النظام الجديد | G235: النظام الجديد – سيارة 1219 – مشتل حي لبن - الرياض | I235: النظام الجديد (سيارة 1219)
A236: 235 | B236: 46203 | C236: WS-INV-0124 | D236: 620 | E236: 620 | F236: النظام الجديد | G236: النظام الجديد – سيارة 1219 – مشاتل وردة الياسمين - الرياض | I236: النظام الجديد (سيارة 1219)
A237: 236 | B237: 46204 | C237: WS-INV-0128 | D237: 1325 | E237: 1325 | F237: النظام الجديد | G237: النظام الجديد – سيارة 1219 – مشتل نسيم الصبا - الرياض | I237: النظام الجديد (سيارة 1219)
A238: 237 | B238: 46208 | C238: WS-INV-0147 | D238: 1245 | E238: 1245 | F238: النظام الجديد | G238: النظام الجديد – سيارة 1219 – مشاتل طريق خريص-الرياض | I238: النظام الجديد (سيارة 1219)
A239: 238 | B239: 46208 | C239: WS-INV-0143 | D239: 1695 | E239: 1695 | F239: النظام الجديد | G239: النظام الجديد – سيارة 1219 – مشاتل مخرج 15-الرياض | I239: النظام الجديد (سيارة 1219)
... A255: 254 | B255: 46233 | C255: WS-INV-0254 | D255: 450 | E255: 450 | F255: النظام الجديد | G255: النظام الجديد – سيارة 1219 – مشتل ظهرة البديعة - الرياض | I255: النظام الجديد (سيارة 1219)
C256: الإجمالي | D256: =SUM(D2:D255) | E256: =SUM(E2:E255)

Sheet مبيعات عماد
A1: م | B1: التاريخ | C1: رقم العقد | D1: القيمة بشيت المحاسب | E1: القيمة المعتمدة | F1: الحالة | G1: المستندات المؤيدة | H1: ملاحظة | I1: المصدر
A2: 1 | B2: 45983 | C2: WHE-2973 | D2: 6315 | E2: 6315 | F2: صحيح | G2: فاتورة مبدئية 62، سجل العقود، كشف الحساب | I2: شيت المبيعات (عقود الجملة)
A3: 2 | B3: 45987 | C3: WHE-3011 | D3: 8300.5 | E3: 8300.5 | F3: صحيح | G3: فاتورة مبدئية 67، سجل العقود، كشف الحساب | I3: شيت المبيعات (عقود الجملة)
A4: 3 | B4: 45989 | C4: WHE-3041 | D4: 7387.5 | E4: 7387.5 | F4: صحيح | G4: فاتورة مبدئية 70، سجل العقود، كشف الحساب | I4: شيت المبيعات (عقود الجملة)
A5: 4 | B5: 45991 | C5: WHE-3076 | D5: 8400 | E5: 8400 | F5: صحيح | G5: فاتورة مبدئية 73، سجل العقود، كشف الحساب | I5: شيت المبيعات (عقود الجملة)
A6: 5 | B6: 46002 | C6: WHE-3212 | D6: 10731.25 | E6: 10731.25 | F6: صحيح | G6: فاتورة مبدئية 85، سجل العقود، كشف الحساب | I6: شيت المبيعات (عقود الجملة)
A7: 6 | B7: 46006 | C7: WHE-3245 | D7: 4845.5 | E7: 4845.5 | F7: صحيح | G7: فاتورة مبدئية 90، سجل العقود، كشف الحساب | I7: شيت المبيعات (عقود الجملة)
A8: 7 | B8: 46008 | C8: WHE-3274 | D8: 6818.5 | E8: 6818.5 | F8: صحيح | G8: فاتورة مبدئية 94، سجل العقود، كشف الحساب | I8: شيت المبيعات (عقود الجملة)
A9: 8 | B9: 46021 | C9: WHE-3402 | D9: 6097.5 | E9: 6097.5 | F9: صحيح | G9: فاتورة مبدئية 104، كشف الحساب | I9: شيت المبيعات (عقود الجملة)
A10: 9 | B10: 46024 | C10: WHE-3424 | D10: 6577.5 | E10: 6577.5 | F10: صحيح | G10: فاتورة مبدئية 106، سجل العقود، كشف الحساب | I10: شيت المبيعات (عقود الجملة)
A11: 10 | B11: 46027 | C11: WHE-3475 | D11: 8985 | E11: 8985 | F11: صحيح | G11: فاتورة مبدئية 111، سجل العقود، كشف الحساب | I11: شيت المبيعات (عقود الجملة)
A12: 11 | B12: 46037 | C12: WHE-3570 | D12: 8562.5 | E12: 8562.5 | F12: صحيح | G12: فاتورة مبدئية 120، سجل العقود، كشف الحساب | I12: شيت المبيعات (عقود الجملة)
A13: 12 | B13: 46042 | C13: WHE-3615 | D13: 6699.5 | E13: 6699.5 | F13: صحيح | G13: فاتورة مبدئية 124، سجل العقود، كشف الحساب | I13: شيت المبيعات (عقود الجملة)
... A59: 58 | B59: 46233 | C59: WS-INV-0255 | D59: 75 | E59: 75 | F59: النظام الجديد | G59: النظام الجديد – سيارة 3010 – مؤسسة فارس علي السالمي التجارية ( اسماعيل ) - الرياض | I59: النظام الجديد (سيارة 3010)
C60: الإجمالي | D60: =SUM(D2:D59) | E60: =SUM(E2:E59)

Sheet مبيعات أبو خالد
A1: م | B1: التاريخ | C1: رقم العقد | D1: القيمة بشيت المحاسب | E1: القيمة المعتمدة | F1: الحالة | G1: المستندات المؤيدة | H1: ملاحظة | I1: المصدر
A2: 1 | B2: 45868 | C2: WHK-1909 | D2: 11570 | E2: 11570 | F2: صحيح | G2: لا يوجد مستند مؤيد | H2: بداية الفترة 30-7-2025 | I2: شيت المبيعات (عقود الجملة)
A3: 2 | B3: 45909 | C3: WHK-2148 | D3: 3320 | E3: 3320 | F3: صحيح | G3: لا يوجد مستند مؤيد | I3: شيت المبيعات (عقود الجملة)
A4: 3 | B4: 45923 | C4: WHK-2271 | D4: 2400 | E4: 2400 | F4: صحيح | G4: لا يوجد مستند مؤيد | I4: شيت المبيعات (عقود الجملة)
A5: 4 | B5: 45924 | C5: WHK-2283 | D5: 2800 | E5: 2800 | F5: صحيح | G5: لا يوجد مستند مؤيد | I5: شيت المبيعات (عقود الجملة)
A6: 5 | B6: 45929 | C6: WHK-2328 | D6: 4550 | E6: 4550 | F6: صحيح | G6: لا يوجد مستند مؤيد | I6: شيت المبيعات (عقود الجملة)
A7: 6 | B7: 45935 | C7: WHK-2364 | D7: 440000 | E7: ='مطابقة كميات عقد عرعر'!E11 | F7: معدّل | G7: كشف الحساب | H7: عقد عرعر: الكميات الفعلية (205,750 من الرياض + 69,625 من تبوك) × 0.50 = 137,687.50 – بدل قيمة العقد 440,000. مشتريات الجزيرة خاصة ببساتين الرياض. | I7: شيت المبيعات (عقود الجملة)
A8: 7 | B8: 45938 | C8: WHK-2411 | D8: 4200 | E8: 4200 | F8: صحيح | G8: لا يوجد مستند مؤيد | I8: شيت المبيعات (عقود الجملة)
A9: 8 | B9: 45939 | C9: WHK-2425 | D9: 11000 | E9: 11000 | F9: صحيح | G9: لا يوجد مستند مؤيد | I9: شيت المبيعات (عقود الجملة)
A10: 9 | B10: 45941 | C10: WHK-2434 | D10: 70250 | E10: 70250 | F10: صحيح | G10: لا يوجد مستند مؤيد | I10: شيت المبيعات (عقود الجملة)
A11: 10 | B11: 45943 | C11: WHK-2465 | D11: 1750 | E11: 1750 | F11: صحيح | G11: لا يوجد مستند مؤيد | I11: شيت المبيعات (عقود الجملة)
A12: 11 | B12: 45944 | C12: WHK-2480 | D12: 412.5 | E12: 412.5 | F12: صحيح | G12: لا يوجد مستند مؤيد | I12: شيت المبيعات (عقود الجملة)
A13: 12 | B13: 45945 | C13: WHK-2498 | D13: 17055 | E13: 17055 | F13: صحيح | G13: لا يوجد مستند مؤيد | I13: شيت المبيعات (عقود الجملة)
A14: 13 | B14: 45946 | C14: WHK-2509 | D14: 3150 | E14: 3150 | F14: صحيح | G14: لا يوجد مستند مؤيد | I14: شيت المبيعات (عقود الجملة)
A15: 14 | B15: 45948 | C15: WHK-2515 | D15: 6975 | E15: 6975 | F15: صحيح | G15: لا يوجد مستند مؤيد | I15: شيت المبيعات (عقود الجملة)
A16: 15 | B16: 45951 | C16: WHK-2563 | D16: 2925 | E16: 2925 | F16: صحيح | G16: لا يوجد مستند مؤيد | I16: شيت المبيعات (عقود الجملة)
A17: 16 | B17: 45952 | C17: WHK-2583 | D17: 4125 | E17: 4125 | F17: صحيح | G17: لا يوجد مستند مؤيد | I17: شيت المبيعات (عقود الجملة)
A18: 17 | B18: 45953 | C18: WHK-2605 | D18: 1331.25 | E18: 1331.25 | F18: صحيح | G18: لا يوجد مستند مؤيد | I18: شيت المبيعات (عقود الجملة)
A19: 18 | B19: 45955 | C19: WHK-2626 | D19: 2150 | E19: 2150 | F19: صحيح | G19: لا يوجد مستند مؤيد | I19: شيت المبيعات (عقود الجملة)
... A36: 35 | B36: 46006 | C36: WHK-3243 | D36: 1875 | E36: 1875 | F36: صحيح | G36: فاتورة مبدئية 89، كشف الحساب | I36: شيت المبيعات (عقود الجملة)
A37: 36 | B37: 46021 | C37: WHK-3400 | D37: 0 | E37: 505 | F37: مضاف | G37: فاتورة مبدئية 103، كشف الحساب | H37: فاتورة مبدئية 103 ومسجلة بكشف الحساب – سقطت من شيت المحاسب | I37: شيت المبيعات (عقود الجملة)
A38: 37 | B38: 46058 | C38: WHK-3758 | D38: 20300 | E38: 20300 | F38: صحيح | G38: فاتورة مبدئية 140، كشف الحساب | I38: شيت المبيعات (عقود الجملة)
A39: 38 | B39: 46058 | C39: WHK-3760 | D39: 30850 | E39: 30850 | F39: صحيح | G39: فاتورة مبدئية 141، كشف الحساب | I39: شيت المبيعات (عقود الجملة)
A40: 39 | B40: 46064 | C40: WHK-3809 | D40: 3125 | E40: 3125 | F40: صحيح | G40: فاتورة مبدئية 149، كشف الحساب | I40: شيت المبيعات (عقود الجملة)
A41: 40 | B41: 46072 | C41: WHK-3878 | D41: 2012.5 | E41: 2012.5 | F41: صحيح | G41: فاتورة مبدئية 160، كشف الحساب | I41: شيت المبيعات (عقود الجملة)
A42: 41 | B42: 46084 | C42: WHK-3923 | D42: 6862.5 | E42: 6862.5 | F42: صحيح | G42: فاتورة مبدئية 166، كشف الحساب | I42: شيت المبيعات (عقود الجملة)
A43: 42 | B43: 46085 | C43: WHK-3963 | D43: 2700 | E43: 2700 | F43: صحيح | G43: فاتورة مبدئية 174، كشف الحساب | I43: شيت المبيعات (عقود الجملة)
A44: 43 | B44: 46145 | C44: WHK-4256 | D44: 19490 | E44: 19490 | F44: صحيح | G44: فاتورة مبدئية 227، كشف الحساب | I44: شيت المبيعات (عقود الجملة)
A45: 44 | B45: 46147 | C45: WHK-4275 | D45: 21780 | E45: 21780 | F45: صحيح | G45: فاتورة مبدئية 231، كشف الحساب | I45: شيت المبيعات (عقود الجملة)
A46: 45 | B46: 46152 | C46: WHK-4291 | D46: 3135 | E46: 3135 | F46: صحيح | G46: فاتورة مبدئية 239، كشف الحساب | I46: شيت المبيعات (عقود الجملة)
A47: 46 | B47: 46154 | C47: WHK-4305 | D47: 3025 | E47: 3025 | F47: صحيح | G47: فاتورة مبدئية 243، كشف الحساب | I47: شيت المبيعات (عقود الجملة)
A48: 47 | B48: 46160 | C48: WHK-4323 | D48: 750 | E48: 750 | F48: صحيح | G48: فاتورة مبدئية 250، كشف الحساب | I48: شيت المبيعات (عقود الجملة)
C49: الإجمالي | D49: =SUM(D2:D48) | E49: =SUM(E2:E48)

Sheet أبو خالد - تفصيل البنود
A1: رقم العقد | B1: تاريخ العقد | C1: رقم الفاتورة المبدئية | D1: كود الصنف | E1: اسم الصنف | F1: الكمية | G1: الوحدة | H1: سعر الوحدة | I1: الإجمالي | J1: ملاحظة
A2: WHK-1909 | B2: 45868 | C2: — | D2: — | E2: لا توجد بنود تفصيلية | I2: 11570 | J2: لا توجد فاتورة مبدئية لهذا العقد (القيمة من شيت المحاسب WHK2025)
A3: إجمالي العقد WHK-1909 | I3: =SUM(I2:I2) | J3: تاريخه 2025-07-30 قبل بداية الفترة 31-7-2025 بيوم – أُدرج بناءً على طلبك
A4: WHK-2148 | B4: 45909 | C4: — | D4: — | E4: لا توجد بنود تفصيلية | I4: 3320 | J4: لا توجد فاتورة مبدئية لهذا العقد (القيمة من شيت المحاسب WHK2025)
A5: إجمالي العقد WHK-2148 | I5: =SUM(I4:I4)
A6: WHK-2271 | B6: 45923 | C6: — | D6: — | E6: لا توجد بنود تفصيلية | I6: 2400 | J6: لا توجد فاتورة مبدئية لهذا العقد (القيمة من شيت المحاسب WHK2025)
A7: إجمالي العقد WHK-2271 | I7: =SUM(I6:I6)
A8: WHK-2283 | B8: 45924 | C8: — | D8: — | E8: لا توجد بنود تفصيلية | I8: 2800 | J8: لا توجد فاتورة مبدئية لهذا العقد (القيمة من شيت المحاسب WHK2025)
A9: إجمالي العقد WHK-2283 | I9: =SUM(I8:I8)
A10: WHK-2328 | B10: 45929 | C10: — | D10: — | E10: لا توجد بنود تفصيلية | I10: 4550 | J10: لا توجد فاتورة مبدئية لهذا العقد (القيمة من شيت المحاسب WHK2025)
A11: إجمالي العقد WHK-2328 | I11: =SUM(I10:I10)
A12: WHK-2364 | B12: 45935 | C12: RN-INV#40 | D12: RN-OD560 | E12: زهور بيتونيا | F12: 40000 | G12: EA | H12: 0.5 | I12: =F12*H12 | J12: بالفاتورة رقم العقد WHK-2807 – مسجلة بالكشف على عقد عرعر
A13: WHK-2364 | B13: 45935 | C13: RN-INV#45 | D13: RN-OD560 | E13: زهور بيتونيا | F13: 41250 | G13: EA | H13: 0.5 | I13: =F13*H13 | J13: بالفاتورة رقم العقد RNW-2842 – مسجلة بالكشف على عقد عرعر
A14: WHK-2364 | B14: 45935 | C14: RN-INV#54 | D14: RN-OD560 | E14: زهور بيتونيا | F14: 42000 | G14: EA | H14: 0.5 | I14: =F14*H14 | J14: بالفاتورة رقم العقد RNW-2945 – مسجلة بالكشف على عقد عرعر
A15: WHK-2364 | B15: 45935 | C15: RN-INV#84 | D15: RN-OD560 | E15: زهور بيتونيا | F15: 42500 | G15: EA | H15: 0.5 | I15: =F15*H15 | J15: بالفاتورة رقم العقد RNW-3210 – مسجلة بالكشف على عقد عرعر
A16: WHK-2364 | B16: 45935 | C16: RN-INV#100 | D16: RN-OD560 | E16: زهور بيتونيا | F16: 30000 | G16: EA | H16: 0.5 | I16: =F16*H16 | J16: بالفاتورة رقم العقد RNW-3357 – مسجلة بالكشف على عقد عرعر
A17: WHK-2364 | B17: 45935 | C17: RN-INV#100 | D17: RN-OD561 | E17: زهور مارى جولد | F17: 10000 | G17: EA | H17: 0.5 | I17: =F17*H17 | J17: بالفاتورة رقم العقد RNW-3357 – مسجلة بالكشف على عقد عرعر
A18: WHK-2364 | B18: 45935 | C18: ترحيل من تبوك | D18: RN-OD560 | E18: زهور بيتونيا | F18: 69625 | G18: EA | H18: 0.5 | I18: =F18*H18 | J18: محوّل من مزرعة تبوك (سندا TNR-2689 و TNR-2888 = 72,625 حبة − 3,000 تالف)
A19: إجمالي العقد WHK-2364 | I19: =SUM(I12:I18) | J19: عقد عرعر = الكميات المصروفة من الرياض + المحوّلة من تبوك × 0.50 (مشتريات الجزيرة خاصة ببساتين – محذوفة)
A20: WHK-2411 | B20: 45938 | C20: — | D20: — | E20: لا توجد بنود تفصيلية | I20: 4200 | J20: لا توجد فاتورة مبدئية لهذا العقد (القيمة من شيت المحاسب WHK2025)
A21: إجمالي العقد WHK-2411 | I21: =SUM(I20:I20)
A22: WHK-2425 | B22: 45939 | C22: — | D22: — | E22: لا توجد بنود تفصيلية | I22: 11000 | J22: لا توجد فاتورة مبدئية لهذا العقد (القيمة من شيت المحاسب WHK2025)
A23: إجمالي العقد WHK-2425 | I23: =SUM(I22:I22)
A24: WHK-2434 | B24: 45941 | C24: — | D24: — | E24: لا توجد بنود تفصيلية | I24: 70250 | J24: لا توجد فاتورة مبدئية لهذا العقد (القيمة من شيت المحاسب WHK2025)
A25: إجمالي العقد WHK-2434 | I25: =SUM(I24:I24)
A26: WHK-2465 | B26: 45943 | C26: — | D26: — | E26: لا توجد بنود تفصيلية | I26: 1750 | J26: لا توجد فاتورة مبدئية لهذا العقد (القيمة من شيت المحاسب WHK2025)
A27: إجمالي العقد WHK-2465 | I27: =SUM(I26:I26)
A28: WHK-2480 | B28: 45944 | C28: — | D28: — | E28: لا توجد بنود تفصيلية | I28: 412.5 | J28: لا توجد فاتورة مبدئية لهذا العقد (القيمة من شيت المحاسب WHK2025)
A29: إجمالي العقد WHK-2480 | I29: =SUM(I28:I28)
A30: WHK-2498 | B30: 45945 | C30: — | D30: — | E30: لا توجد بنود تفصيلية | I30: 17055 | J30: لا توجد فاتورة مبدئية لهذا العقد (القيمة من شيت المحاسب WHK2025)
A31: إجمالي العقد WHK-2498 | I31: =SUM(I30:I30)
A32: WHK-2509 | B32: 45946 | C32: — | D32: — | E32: لا توجد بنود تفصيلية | I32: 3150 | J32: لا توجد فاتورة مبدئية لهذا العقد (القيمة من شيت المحاسب WHK2025)
A33: إجمالي العقد WHK-2509 | I33: =SUM(I32:I32)
A34: WHK-2515 | B34: 45948 | C34: — | D34: — | E34: لا توجد بنود تفصيلية | I34: 6975 | J34: لا توجد فاتورة مبدئية لهذا العقد (القيمة من شيت المحاسب WHK2025)
A35: إجمالي العقد WHK-2515 | I35: =SUM(I34:I34)
A36: WHK-2563 | B36: 45951 | C36: — | D36: — | E36: لا توجد بنود تفصيلية | I36: 2925 | J36: لا توجد فاتورة مبدئية لهذا العقد (القيمة من شيت المحاسب WHK2025)
A37: إجمالي العقد WHK-2563 | I37: =SUM(I36:I36)
A38: WHK-2583 | B38: 45952 | C38: — | D38: — | E38: لا توجد بنود تفصيلية | I38: 4125 | J38: لا توجد فاتورة مبدئية لهذا العقد (القيمة من شيت المحاسب WHK2025)
A39: إجمالي العقد WHK-2583 | I39: =SUM(I38:I38)
A40: WHK-2605 | B40: 45953 | C40: — | D40: — | E40: لا توجد بنود تفصيلية | I40: 1331.25 | J40: لا توجد فاتورة مبدئية لهذا العقد (القيمة من شيت المحاسب WHK2025)
A41: إجمالي العقد WHK-2605 | I41: =SUM(I40:I40)
A42: WHK-2626 | B42: 45955 | C42: — | D42: — | E42: لا توجد بنود تفصيلية | I42: 2150 | J42: لا توجد فاتورة مبدئية لهذا العقد (القيمة من شيت المحاسب WHK2025)
A43: إجمالي العقد WHK-2626 | I43: =SUM(I42:I42)
A44: WHK-2639 | B44: 45956 | C44: — | D44: — | E44: لا توجد بنود تفصيلية | I44: 1125 | J44: لا توجد فاتورة مبدئية لهذا العقد (القيمة من شيت المحاسب WHK2025)
A45: إجمالي العقد WHK-2639 | I45: =SUM(I44:I44)
A46: WHK-2656 | B46: 45957 | C46: RN-INV#26 | D46: RN-OD560 | E46: زهور بيتونيا | F46: 1200 | G46: EA | H46: 0.75 | I46: =F46*H46
A47: إجمالي العقد WHK-2656 | I47: =SUM(I46:I46)
A48: WHK-2712 | B48: 45963 | C48: RN-INV#31 | D48: RN-OD560 | E48: زهور بيتونيا | F48: 1500 | G48: EA | H48: 0.75 | I48: =F48*H48
A49: إجمالي العقد WHK-2712 | I49: =SUM(I48:I48)
A50: WHK-2776 | B50: 45966 | C50: RN-INV#35 | D50: RN-OD560 | E50: زهور بيتونيا | F50: 1075 | G50: EA | H50: 0.7 | I50: =F50*H50
A51: إجمالي العقد WHK-2776 | I51: =SUM(I50:I50)
A52: WHK-2787 | B52: 45967 | C52: RN-INV#37 | D52: RN-OD560 | E52: زهور بيتونيا | F52: 450 | G52: EA | H52: 0.75 | I52: =F52*H52
A53: إجمالي العقد WHK-2787 | I53: =SUM(I52:I52)
A54: WHK-2804 | B54: 45969 | C54: RN-INV#39 | D54: RN-OD637 | E54: زهور سالفيا مركن9 سم | F54: 2725 | G54: EA | H54: 0.75 | I54: =F54*H54
A55: WHK-2804 | B55: 45969 | C55: RN-INV#39 | D55: RN-OD560 | E55: زهور بيتونيا | F55: 825 | G55: EA | H55: 0.75 | I55: =F55*H55
A56: WHK-2804 | B56: 45969 | C56: RN-INV#39 | D56: RN-OD604 | E56: زهور اقحوان افريقى مركن12 سم | F56: 3750 | G56: EA | H56: 3.25 | I56: =F56*H56
A57: إجمالي العقد WHK-2804 | I57: =SUM(I54:I56)
A58: WHK-2835 | B58: 45971 | C58: RN-INV#43 | D58: RN-OD560 | E58: زهور بيتونيا | F58: 3250 | G58: EA | H58: 0.75 | I58: =F58*H58
A59: WHK-2835 | B59: 45971 | C59: RN-INV#43 | D59: RN-OD603 | E59: زهور جرانيوم مركن9 سم | F59: 900 | G59: EA | H59: 1.4 | I59: =F59*H59
A60: WHK-2835 | B60: 45971 | C60: RN-INV#43 | D60: RN-OD620 | E60: زهور جيرانيوم مركن12 سم | F60: 500 | G60: EA | H60: 3 | I60: =F60*H60
A61: WHK-2835 | B61: 45971 | C61: RN-INV#43 | D61: RN-OD693 | E61: زهور جيرانيوم هولندى مركن12 سم | F61: 500 | G61: EA | H61: 3.75 | I61: =F61*H61
A62: WHK-2835 | B62: 45971 | C62: RN-INV#43 | D62: RN-OD638 | E62: زهور هيبوستس مركن9 سم | F62: 500 | G62: EA | H62: 0.7 | I62: =F62*H62
A63: WHK-2835 | B63: 45971 | C63: RN-INV#43 | D63: RN-OD604 | E63: زهور اقحوان افريقى مركن12 سم | F63: 500 | G63: EA | H63: 3.25 | I63: =F63*H63
A64: إجمالي العقد WHK-2835 | I64: =SUM(I58:I63)
A65: WHK-2853 | B65: 45972 | C65: RN-INV#46 | D65: RN-OD560 | E65: زهور بيتونيا | F65: 10000 | G65: EA | H65: 0.75 | I65: =F65*H65
A66: إجمالي العقد WHK-2853 | I66: =SUM(I65:I65)
A67: WHK-2868 | B67: 45973 | C67: RN-INV#47 | D67: RN-OD560 | E67: زهور بيتونيا | F67: 2000 | G67: EA | H67: 0.75 | I67: =F67*H67
A68: إجمالي العقد WHK-2868 | I68: =SUM(I67:I67)
A69: WHK-2881 | B69: 45974 | C69: RN-INV#49 | D69: RN-OD693 | E69: زهور جيرانيوم هولندى مركن12 سم | F69: 510 | G69: EA | H69: 3.45 | I69: =F69*H69
A70: إجمالي العقد WHK-2881 | I70: =SUM(I69:I69)
A71: WHK-2912 | B71: 45978 | C71: RN-INV#52 | D71: RN-OD560 | E71: زهور بيتونيا | F71: 2600 | G71: EA | H71: 0.75 | I71: =F71*H71
A72: WHK-2912 | B72: 45978 | C72: RN-INV#52 | D72: RN-OD603 | E72: زهور جرانيوم مركن9 سم | F72: 500 | G72: EA | H72: 1.4 | I72: =F72*H72
A73: إجمالي العقد WHK-2912 | I73: =SUM(I71:I72)
A74: WHK-2948 | B74: 45981 | C74: RN-INV#55 | D74: RN-OD560 | E74: زهور بيتونيا | F74: 1300 | G74: EA | H74: 0.75 | I74: =F74*H74
A75: WHK-2948 | B75: 45981 | C75: RN-INV#55 | D75: RN-OD603 | E75: زهور جرانيوم مركن9 سم | F75: 400 | G75: EA | H75: 1.4 | I75: =F75*H75
A76: إجمالي العقد WHK-2948 | I76: =SUM(I74:I75)
A77: WHK-2971 | B77: 45984 | C77: RN-INV#61 | D77: RN-OD560 | E77: زهور بيتونيا | F77: 8700 | G77: EA | H77: 0.7 | I77: =F77*H77
A78: إجمالي العقد WHK-2971 | I78: =SUM(I77:I77)
A79: WHK-2995 | B79: 45985 | C79: RN-INV#64 | D79: RN-OD560 | E79: زهور بيتونيا | F79: 6000 | G79: EA | H79: 0.7 | I79: =F79*H79
A80: إجمالي العقد WHK-2995 | I80: =SUM(I79:I79)
A81: WHK-3029 | B81: 45988 | C81: RN-INV#68 | D81: RN-OD561 | E81: زهور مارى جولد | F81: 225 | G81: EA | H81: 0.7 | I81: =F81*H81
A82: إجمالي العقد WHK-3029 | I82: =SUM(I81:I81)
A83: WHK-3135 | B83: 45996 | C83: RN-INV#78 | D83: RN-OD560 | E83: زهور بيتونيا | F83: 2400 | G83: EA | H83: 0.7 | I83: =F83*H83
A84: إجمالي العقد WHK-3135 | I84: =SUM(I83:I83)
A85: WHK-3243 | B85: 46006 | C85: RN-INV#89 | D85: RN-OD603 | E85: زهور جرانيوم مركن9 سم | F85: 1500 | G85: EA | H85: 1.25 | I85: =F85*H85
A86: إجمالي العقد WHK-3243 | I86: =SUM(I85:I85)
A87: WHK-3400 | B87: 46021 | C87: RN-INV#103 | D87: RN-HP-S-WT | E87: حجر ديكوري أبيض لامع 1:3 سم (10 كجم) | F87: 5 | G87: EA | H87: 25 | I87: =F87*H87
A88: WHK-3400 | B88: 46021 | C88: RN-INV#103 | D88: RN-HP-S-RD | E88: حجر ديكوري أحمر لامع 1:3 سم (10 كجم) | F88: 5 | G88: EA | H88: 25 | I88: =F88*H88
A89: WHK-3400 | B89: 46021 | C89: RN-INV#103 | D89: RN-NP-B-WT | E89: حجر ديكوري أبيض مطفي 3:5 سم (10 كجم) | F89: 5 | G89: EA | H89: 13 | I89: =F89*H89
A90: WHK-3400 | B90: 46021 | C90: RN-INV#103 | D90: RN-HP-S-BK | E90: حجر ديكوري أسود لامع 1:3 سم (10 كجم) | F90: 5 | G90: EA | H90: 25 | I90: =F90*H90
A91: WHK-3400 | B91: 46021 | C91: RN-INV#103 | D91: RN-NP-S-YW | E91: حجر ديكوري أصفر مطفي 1:3 سم (10 كجم) | F91: 5 | G91: EA | H91: 13 | I91: =F91*H91
A92: إجمالي العقد WHK-3400 | I92: =SUM(I87:I91) | J92: فاتورة مبدئية 103 ومسجلة بكشف الحساب – سقطت من شيت المحاسب
A93: WHK-3758 | B93: 46058 | C93: RN-INV#140 | D93: RN-OD560 | E93: زهور بيتونيا | F93: 35600 | G93: EA | H93: 0.5 | I93: =F93*H93
A94: WHK-3758 | B94: 46058 | C94: RN-INV#140 | D94: RN-OD637 | E94: زهور سالفيا مركن9 سم | F94: 3000 | G94: EA | H94: 0.5 | I94: =F94*H94
A95: WHK-3758 | B95: 46058 | C95: RN-INV#140 | D95: RN-OD641 | E95: زهور قرنفل صيني مركن9 سم | F95: 2000 | G95: EA | H95: 0.5 | I95: =F95*H95
A96: إجمالي العقد WHK-3758 | I96: =SUM(I93:I95)
A97: WHK-3760 | B97: 46058 | C97: RN-INV#141 | D97: RN-OD560 | E97: زهور بيتونيا | F97: 55450 | G97: EA | H97: 0.5 | I97: =F97*H97
A98: WHK-3760 | B98: 46058 | C98: RN-INV#141 | D98: RN-OD637 | E98: زهور سالفيا مركن9 سم | F98: 300 | G98: EA | H98: 0.5 | I98: =F98*H98
A99: WHK-3760 | B99: 46058 | C99: RN-INV#141 | D99: RN-OD642 | E99: زهور اليسوم مركن9 سم | F99: 200 | G99: EA | H99: 0.5 | I99: =F99*H99
A100: WHK-3760 | B100: 46058 | C100: RN-INV#141 | D100: RN-OD641 | E100: زهور قرنفل صيني مركن9 سم | F100: 300 | G100: EA | H100: 0.5 | I100: =F100*H100
...

Sheet الفواتير المبدئية
A1: مزرعة الرياض – فواتير المبيعات المبدئية (RN-INV#25 إلى RN-INV#263)
A2: م | B2: رقم الفاتورة | C2: تاريخ الفاتورة | D2: قيمة الفاتورة (ريال) | E2: رقم العقد | F2: اسم المندوب | G2: ملاحظات الفاتورة | H2: ملاحظات المراجعة
A3: 1 | B3: RN-INV#25 | C3: 45957 | D3: 3245 | E3: WHT-2645 | F3: عصمت الله خان
A4: 2 | B4: RN-INV#26 | C4: 45957 | D4: 900 | E4: WHK-2656 | F4: م/ عادل أبو خالد
A5: 3 | B5: RN-INV#27 | C5: 45958 | D5: 4420 | E5: WHT-2660 | F5: عصمت الله خان
A6: 4 | B6: RN-INV#28 | C6: 45959 | D6: 4645 | E6: WHT-2672 | F6: عصمت الله خان
A7: 5 | B7: RN-INV#29 | C7: 45960 | D7: 2990 | E7: WHT-2682 | F7: عصمت الله خان
A8: 6 | B8: RN-INV#30 | C8: 45961 | D8: 6225 | E8: WHT-2701 | F8: عصمت الله خان
A9: 7 | B9: RN-INV#31 | C9: 45963 | D9: 1125 | E9: WHK-2712 | F9: م/ عادل أبو خالد
A10: 8 | B10: RN-INV#32 | C10: 45963 | D10: 8192.5 | E10: WHT-2714 | F10: عصمت الله خان
A11: 9 | B11: RN-INV#33 | C11: 45964 | D11: 5930 | E11: WHT-2743 | F11: عصمت الله خان
A12: 10 | B12: RN-INV#34 | C12: 45965 | D12: 5327.5 | E12: WHT-2752 | F12: عصمت الله خان
A13: 11 | B13: RN-INV#35 | C13: 45966 | D13: 752.5 | E13: WHK-2776 | F13: م/ عادل أبو خالد
A14: 12 | B14: RN-INV#36 | C14: 45967 | D14: 7530 | E14: WHT-2779 | F14: عصمت الله خان | G14: توريد يوم5
A15: 13 | B15: RN-INV#37 | C15: 45967 | D15: 337.5 | E15: WHK-2787 | F15: م/ عادل أبو خالد
A16: 14 | B16: RN-INV#38 | C16: 45968 | D16: 7570 | E16: WHT-2790 | F16: عصمت الله خان | G16: توريد12555.1 ريال من المديونية
A17: 15 | B17: RN-INV#39 | C17: 45969 | D17: 14850 | E17: WHT-2804 | F17: م/ عادل أبو خالد | H17: بادئة العقد WHT (تُستخدم عادة لعصمت الله خان) والمندوب م/ عادل – يرجى التأكد
A18: 16 | B18: RN-INV#40 | C18: 45969 | D18: 22000 | E18: WHK-2807 | F18: م/ عادل أبو خالد
A19: 17 | B19: RN-INV#41 | C19: 45970 | D19: 4826 | E19: WHT-2809 | F19: عصمت الله خان
A20: 18 | B20: RN-INV#42 | C20: 45971 | D20: 5310 | E20: WHT-2819 | F20: عصمت الله خان
A21: 19 | B21: RN-INV#43 | C21: 45971 | D21: 9047.5 | E21: WHK-2835 | F21: م/ عادل أبو خالد
A22: 20 | B22: RN-INV#44 | C22: 45972 | D22: 5745 | E22: WHT-2840 | F22: عصمت الله خان
A23: 21 | B23: RN-INV#45 | C23: 45972 | D23: 22687.5 | E23: RNW-2842 | F23: م/ عادل أبو خالد | H23: اسم المندوب غير مكتمل في الفاتورة ("م -") – تم افتراضه من بادئة العقد
A24: 22 | B24: RN-INV#46 | C24: 45972 | D24: 7500 | E24: WHK-2853 | F24: م/ عادل أبو خالد | H24: اسم المندوب غير مكتمل في الفاتورة ("م -") – تم افتراضه من بادئة العقد
A25: 23 | B25: RN-INV#47 | C25: 45973 | D25: 1500 | E25: WHK-2868 | F25: م/ عادل أبو خالد | H25: اسم المندوب غير مكتمل في الفاتورة ("م -") – تم افتراضه من بادئة العقد
A26: 24 | B26: RN-INV#48 | C26: 45974 | D26: 3112.5 | E26: WHT-2870 | F26: عصمت الله خان
A27: 25 | B27: RN-INV#49 | C27: 45974 | D27: 1759.5 | E27: WHK-2881 | F27: م/ عادل أبو خالد
A28: 26 | B28: RN-INV#50 | C28: 45975 | D28: 4600 | E28: WHT-2883 | F28: عصمت الله خان
A29: 27 | B29: RN-INV#51 | C29: 45977 | D29: 900 | E29: WHT-2897 | F29: عصمت الله خان | G29: توريد5435 ريال سعودي من المديون
A30: 28 | B30: RN-INV#52 | C30: 45978 | D30: 2650 | E30: WHK-2912 | F30: م/ عادل أبو خالد
A31: 29 | B31: RN-INV#53 | C31: 45979 | D31: 5520 | E31: WHT-2914 | F31: عصمت الله خان
A32: 30 | B32: RN-INV#54 | C32: 45981 | D32: 23100 | E32: RNW-2945 | F32: م/ عادل أبو خالد | G32: طلبية عرعر – عقد WHK-2364
A33: 31 | B33: RN-INV#55 | C33: 45981 | D33: 1535 | E33: WHK-2948 | F33: م/ عادل أبو خالد
A34: 32 | B34: RN-INV#56 | C34: 45981 | D34: 5955 | E34: WHT-2951 | F34: عصمت الله خان
A35: 33 | B35: RN-INV#57 | C35: 45982 | D35: 12742.5 | E35: WHT-2953 | F35: عصمت الله خان | H35: تكرار محتمل: فاتورة أخرى بنفس رقم العقد ونفس القيمة
A36: 34 | B36: RN-INV#58 | C36: 45982 | D36: 12742.5 | E36: WHT-2953 | F36: عصمت الله خان | H36: تكرار محتمل: فاتورة أخرى بنفس رقم العقد ونفس القيمة
A37: 35 | B37: RN-INV#59 | C37: 45982 | D37: 8847.5 | E37: WHT-2955 | F37: عصمت الله خان
A38: 36 | B38: RN-INV#60 | C38: 45984 | D38: 10135 | E38: WHT-2968 | F38: عصمت الله خان
A39: 37 | B39: RN-INV#61 | C39: 45984 | D39: 6090 | E39: WHK-2971 | F39: م/ عادل أبو خالد
A40: 38 | B40: RN-INV#62 | C40: 45984 | D40: 6315 | E40: WHE-2973 | F40: عماد حمدي
A41: 39 | B41: RN-INV#63 | C41: 45985 | D41: 8455 | E41: WHT-2980 | F41: عصمت الله خان
A42: 40 | B42: RN-INV#64 | C42: 45985 | D42: 4200 | E42: WHK-2995 | F42: م/ عادل أبو خالد
A43: 41 | B43: RN-INV#65 | C43: 45986 | D43: 6210 | E43: WHT-2997 | F43: عصمت الله خان
A44: 42 | B44: RN-INV#66 | C44: 45987 | D44: 4080 | E44: WHT-3009 | F44: عصمت الله خان
A45: 43 | B45: RN-INV#67 | C45: 45987 | D45: 8300.5 | E45: WHE-3011 | F45: عماد حمدي
A46: 44 | B46: RN-INV#68 | C46: 45988 | D46: 157.5 | E46: WHK-3029 | F46: م/ عادل أبو خالد
A47: 45 | B47: RN-INV#69 | C47: 45989 | D47: 5737.5 | E47: WHT-3039 | F47: عصمت الله خان
A48: 46 | B48: RN-INV#70 | C48: 45989 | D48: 7387.5 | E48: WHE-3041 | F48: عماد حمدي
A49: 47 | B49: RN-INV#71 | C49: 45991 | D49: 8065 | E49: WHT-3053 | F49: عصمت الله خان | G49: توريد من المديونية4080.25
A50: 48 | B50: RN-INV#72 | C50: 45992 | D50: 5075 | E50: WHT-3074 | F50: عصمت الله خان | G50: توريد من المديونية5735
A51: 49 | B51: RN-INV#73 | C51: 45992 | D51: 8400 | E51: WHE-3076 | F51: عماد حمدي | G51: توريد8400 ريال
A52: 50 | B52: RN-INV#74 | C52: 45993 | D52: 6787.5 | E52: WHT-3090 | F52: عصمت الله خان
A53: 51 | B53: RN-INV#75 | C53: 45994 | D53: 2772.5 | E53: WHT-3102 | F53: عصمت الله خان | G53: توريد من المديونية6785 ريال
A54: 52 | B54: RN-INV#76 | C54: 45995 | D54: 4505 | E54: WHT-3117 | F54: عصمت الله خان | G54: توريد من المديونية2775 ريال
A55: 53 | B55: RN-INV#77 | C55: 45996 | D55: 2880 | E55: WHT-3133 | F55: عصمت الله خان
A56: 54 | B56: RN-INV#78 | C56: 45996 | D56: 1680 | E56: WHK-3135 | F56: م/ عادل أبو خالد
A57: 55 | B57: RN-INV#79 | C57: 45998 | D57: 7617.5 | E57: WHT-3150 | F57: عصمت الله خان | G57: توريد من المديونية2880 ريال
A58: 56 | B58: RN-INV#80 | C58: 45999 | D58: 2637.5 | E58: WHT-3162 | F58: عصمت الله خان
A59: 57 | B59: RN-INV#81 | C59: 46000 | D59: 2940 | E59: WHT-3173 | F59: عصمت الله خان | G59: توريد من المديونية10250 ريال
A60: 58 | B60: RN-INV#82 | C60: 46001 | D60: 2546.25 | E60: WHT-3197 | F60: عصمت الله خان
A61: 59 | B61: RN-INV#83 | C61: 46002 | D61: 2253.75 | E61: WHT-3208 | F61: عصمت الله خان
A62: 60 | B62: RN-INV#84 | C62: 46002 | D62: 23375 | E62: RNW-3210 | F62: م/ عادل أبو خالد | G62: طلبية عرعر – عقد WHK-2364
A63: 61 | B63: RN-INV#85 | C63: 46002 | D63: 10731.25 | E63: WHE-3212 | F63: عماد حمدي | G63: توريد من المديونية10200 ريال
A64: 62 | B64: RN-INV#86 | C64: 46003 | D64: 3075 | E64: WHT-3215 | F64: عصمت الله خان | G64: توريد من المديونية5192.75 ريال
A65: 63 | B65: RN-INV#87 | C65: 46005 | D65: 1728.75 | E65: WHT-3228 | F65: عصمت الله خان | G65: توريد من المديونية5619.85 ريال
A66: 64 | B66: RN-INV#88 | C66: 46006 | D66: 1057.5 | E66: WHT-3241 | F66: عصمت الله خان
A67: 65 | B67: RN-INV#89 | C67: 46006 | D67: 1875 | E67: WHK-3243 | F67: م/ عادل أبو خالد
A68: 66 | B68: RN-INV#90 | C68: 46006 | D68: 4845.5 | E68: WHE-3245 | F68: عماد حمدي | G68: توريد من المديونية4845.5
A69: 67 | B69: RN-INV#91 | C69: 46007 | D69: 5730 | E69: WHT-3253 | F69: عصمت الله خان | G69: توريد من المديونية4231.54
A70: 68 | B70: RN-INV#92 | C70: 46008 | D70: 7080 | E70: WHT-3266 | F70: عصمت الله خان | G70: توريد من المديونية4280
A71: 69 | B71: RN-INV#93 | C71: 46009 | D71: 1785 | E71: WHT-3270 | F71: عصمت الله خان
A72: 70 | B72: RN-INV#94 | C72: 46009 | D72: 6818.5 | E72: WHE-3274 | F72: عماد حمدي | G72: توريد من المديونية4300 ريال
A73: 71 | B73: RN-INV#95 | C73: 46012 | D73: 885 | E73: WHT-3294 | F73: عصمت الله خان | G73: توريد من المديونية1783.62 ريال
A74: 72 | B74: RN-INV#96 | C74: 46013 | D74: 970 | E74: WHT-3303 | F74: عصمت الله خان | G74: توريد من المديونية7076.5 ريال
A75: 73 | B75: RN-INV#97 | C75: 46014 | D75: 615 | E75: WHT-3316 | F75: عصمت الله خان | G75: توريد من المديونية885 ريال
A76: 74 | B76: RN-INV#98 | C76: 46016 | D76: 1380 | E76: WHT-3329 | F76: عصمت الله خان | G76: توريد من المديونية1583 ريال
A77: 75 | B77: RN-INV#99 | C77: 46019 | D77: 4845 | E77: WHT-3355 | F77: عصمت الله خان | G77: توريد من المديونية6395 ريال
A78: 76 | B78: RN-INV#100 | C78: 46019 | D78: 22500 | E78: RNW-3357 | F78: م/ عادل أبو خالد | G78: طلبية عرعر
A79: 77 | B79: RN-INV#101 | C79: 46019 | D79: 1245 | E79: WHT-3368 | F79: عصمت الله خان
A80: 78 | B80: RN-INV#102 | C80: 46021 | D80: 1132.5 | E80: WHT-3379 | F80: عصمت الله خان | G80: توريد1133.5 ريال
A81: 79 | B81: RN-INV#103 | C81: 46021 | D81: 505 | E81: WHK-3400 | F81: م/ عادل أبو خالد | G81: توريد من المديونية
A82: 80 | B82: RN-INV#104 | C82: 46021 | D82: 6097.5 | E82: WHE-3402 | F82: عماد حمدي | G82: توريد من مديونية البيع6415 ريال
A83: 81 | B83: RN-INV#105 | C83: 46022 | D83: 2630 | E83: WHT-3404 | F83: عصمت الله خان
A84: 82 | B84: RN-INV#106 | C84: 46024 | D84: 6577.5 | E84: WHE-3424 | F84: عماد حمدي | G84: توريد من المديونية6512.5
A85: 83 | B85: RN-INV#107 | C85: 46024 | D85: 790 | E85: WHT-3426 | F85: عصمت الله خان
A86: 84 | B86: RN-INV#108 | C86: 46026 | D86: 1412.5 | E86: WHT-3431 | F86: عصمت الله خان | G86: توريد من المديونية1412.5
A87: 85 | B87: RN-INV#109 | C87: 46027 | D87: 42695 | E87: WHT-3448 | F87: عصمت الله خان
A88: 86 | B88: RN-INV#110 | C88: 46028 | D88: 1972.5 | E88: WHT-3464 | F88: عصمت الله خان | G88: توريد من مديونية2592 ريال
A89: 87 | B89: RN-INV#111 | C89: 46028 | D89: 8985 | E89: WHE-3475 | F89: عماد حمدي | G89: توريد من المديونية7200 ريال
A90: 88 | B90: RN-INV#112 | C90: 46029 | D90: 3500 | E90: WHT-3488 | F90: عصمت الله خان | G90: توريد من المديونية3775 ريال
A91: 89 | B91: RN-INV#113 | C91: 46030 | D91: 1095 | E91: WHT-3496 | F91: عصمت الله خان | G91: توريد من المديونية1095 ريال
A92: 90 | B92: RN-INV#114 | C92: 46031 | D92: 2020 | E92: WHT-3503 | F92: عصمت الله خان
A93: 91 | B93: RN-INV#115 | C93: 46033 | D93: 2175 | E93: WHT-3518 | F93: عصمت الله خان | G93: توريد من المديونية2175 ريال
A94: 92 | B94: RN-INV#116 | C94: 46035 | D94: 5655 | E94: WHT-3543 | F94: عصمت الله خان | G94: توريد من المديونية5655 ريال
A95: 93 | B95: RN-INV#117 | C95: 46035 | D95: 2130 | E95: WHT-3549 | F95: عصمت الله خان
A96: 94 | B96: RN-INV#118 | C96: 46036 | D96: 2250 | E96: WHT-3560 | F96: عصمت الله خان
A97: 95 | B97: RN-INV#119 | C97: 46038 | D97: 2205 | E97: WHT-3568 | F97: عصمت الله خان
A98: 96 | B98: RN-INV#120 | C98: 46038 | D98: 8562.5 | E98: WHE-3570 | F98: عماد حمدي | G98: توريد من المديونية5800 ريال
A99: 97 | B99: RN-INV#121 | C99: 46040 | D99: 3227.5 | E99: WHT-3580 | F99: عصمت الله خان
A100: 98 | B100: RN-INV#122 | C100: 46040 | D100: 3225 | E100: WHT-3591 | F100: عصمت الله خان
...

Sheet فواتير - حسب المندوب
A1: اسم المندوب | B1: عدد الفواتير | C1: إجمالي القيمة (ريال)
A2: عصمت الله خان | B2: =COUNTIF('الفواتير المبدئية'!F3:F241,A2) | C2: =SUMIF('الفواتير المبدئية'!F3:F241,A2,'الفواتير المبدئية'!D3:D241)
A3: م/ عادل أبو خالد | B3: =COUNTIF('الفواتير المبدئية'!F3:F241,A3) | C3: =SUMIF('الفواتير المبدئية'!F3:F241,A3,'الفواتير المبدئية'!D3:D241)
A4: عماد حمدي | B4: =COUNTIF('الفواتير المبدئية'!F3:F241,A4) | C4: =SUMIF('الفواتير المبدئية'!F3:F241,A4,'الفواتير المبدئية'!D3:D241)
A5: الإجمالي | B5: =SUM(B2:B4) | C5: =SUM(C2:C4)

Sheet فواتير - شهري
A1: الشهر | B1: عدد الفواتير | C1: إجمالي القيمة (ريال)
A2: 2025-10 | B2: 6 | C2: 22425
A3: 2025-11 | B3: 41 | C3: 288828.5
A4: 2025-12 | B4: 34 | C4: 161001.5
A5: 2026-01 | B5: 27 | C5: 132858.25
A6: 2026-02 | B6: 32 | C6: 211176.25
A7: 2026-03 | B7: 31 | C7: 82164.25
A8: 2026-04 | B8: 29 | C8: 49811.25
A9: 2026-05 | B9: 35 | C9: 147981
A10: 2026-06 | B10: 4 | C10: 10766.5
A11: الإجمالي | B11: =SUM(B2:B10) | C11: =SUM(C2:C10)

Sheet مطابقة العقود
A1: الشيت | B1: رقم العقد بالشيت | C1: تاريخ العقد | D1: قيمة العقد | E1: رقم الفاتورة المبدئية | F1: قيمة الفاتورة | G1: الفرق | H1: الحالة | I1: ملاحظة
A2: WHE | B2: WHE-2973 | C2: 45983 | D2: 6315 | E2: RN-INV#62 | F2: 6315 | G2: 0 | H2: مطابق
A3: WHE | B3: WHE-3011 | C3: 45986 | D3: 8300.5 | E3: RN-INV#67 | F3: 8300.5 | G3: 0 | H3: مطابق
A4: WHE | B4: WHE-3041 | C4: 45989 | D4: 7387.5 | E4: RN-INV#70 | F4: 7387.5 | G4: 0 | H4: مطابق
A5: WHE | B5: WHE-3076 | C5: 45991 | D5: 8400 | E5: RN-INV#73 | F5: 8400 | G5: 0 | H5: مطابق
A6: WHE | B6: WHE-3212 | C6: 46002 | D6: 10731.25 | E6: RN-INV#85 | F6: 10731.25 | G6: 0 | H6: مطابق
A7: WHE | B7: WHE-3245 | C7: 46005 | D7: 4845.5 | E7: RN-INV#90 | F7: 4845.5 | G7: 0 | H7: مطابق
A8: WHE | B8: WHE-3274 | C8: 46008 | D8: 6818.5 | E8: RN-INV#94 | F8: 6818.5 | G8: 0 | H8: مطابق
A9: WHE | B9: WHE-3424 | C9: 46023 | D9: 6577.5 | E9: RN-INV#106 | F9: 6577.5 | G9: 0 | H9: مطابق
A10: WHE | B10: WHE-3475 | C10: 46143 | D10: 8985 | E10: RN-INV#111 | F10: 8985 | G10: 0 | H10: مطابق
A11: WHE | B11: WHE-3570 | C11: 46037 | D11: 8562.5 | E11: RN-INV#120 | F11: 8562.5 | G11: 0 | H11: مطابق
A12: WHE | B12: WHE-3615 | C12: 46042 | D12: 6699.5 | E12: RN-INV#124 | F12: 6699.5 | G12: 0 | H12: مطابق
A13: WHE | B13: WHE-3657 | C13: 46048 | D13: 4881.25 | E13: RN-INV#129 | F13: 4881.25 | G13: 0 | H13: مطابق
... A44: WHE | B44: WHE-4343 | C44: 46167 | D44: 8328 | E44: RN-INV#255 | F44: 8328 | G44: 0 | H44: مطابق
A45: WHT | B45: WHT-1892 | C45: 45878 | D45: 150 | H45: غير موجود بالفواتير | I45: قبل أول فاتورة مستلمة (RN-INV#25) – غالباً ضمن الفواتير 1-24
A46: WHT | B46: WHT-1908 | C46: 45868 | D46: 16658.75 | H46: غير موجود بالفواتير | I46: قبل أول فاتورة مستلمة (RN-INV#25) – غالباً ضمن الفواتير 1-24
A47: WHT | B47: WHT-1934 | C47: 45885 | D47: 162.5 | H47: غير موجود بالفواتير | I47: قبل أول فاتورة مستلمة (RN-INV#25) – غالباً ضمن الفواتير 1-24
A48: WHT | B48: WHT-1937 | C48: 45885 | D48: 50 | H48: غير موجود بالفواتير | I48: قبل أول فاتورة مستلمة (RN-INV#25) – غالباً ضمن الفواتير 1-24
A49: WHT | B49: WHT-1952 | C49: 45887 | D49: 450 | H49: غير موجود بالفواتير | I49: قبل أول فاتورة مستلمة (RN-INV#25) – غالباً ضمن الفواتير 1-24
A50: WHT | B50: WHT-1970 | C50: 45889 | D50: 125 | H50: غير موجود بالفواتير | I50: قبل أول فاتورة مستلمة (RN-INV#25) – غالباً ضمن الفواتير 1-24
A51: WHT | B51: WHT-1999 | C51: 45890 | D51: 800 | H51: غير موجود بالفواتير | I51: قبل أول فاتورة مستلمة (RN-INV#25) – غالباً ضمن الفواتير 1-24
A52: WHT | B52: WHT-2007 | C52: 45892 | D52: 155 | H52: غير موجود بالفواتير | I52: قبل أول فاتورة مستلمة (RN-INV#25) – غالباً ضمن الفواتير 1-24
A53: WHT | B53: WHT-2030 | C53: 45894 | D53: 350 | H53: غير موجود بالفواتير | I53: قبل أول فاتورة مستلمة (RN-INV#25) – غالباً ضمن الفواتير 1-24
A54: WHT | B54: WHT-2040 | C54: 45895 | D54: 205 | H54: غير موجود بالفواتير | I54: قبل أول فاتورة مستلمة (RN-INV#25) – غالباً ضمن الفواتير 1-24
A55: WHT | B55: WHT-2065 | C55: 45897 | D55: 62.5 | H55: غير موجود بالفواتير | I55: قبل أول فاتورة مستلمة (RN-INV#25) – غالباً ضمن الفواتير 1-24
A56: WHT | B56: WHT-2084 | C56: 45901 | D56: 202.5 | H56: غير موجود بالفواتير | I56: قبل أول فاتورة مستلمة (RN-INV#25) – غالباً ضمن الفواتير 1-24
... A91: WHT | B91: WHT-2628 | C91: 45955 | D91: 4885 | H91: غير موجود بالفواتير | I91: قبل أول فاتورة مستلمة (RN-INV#25) – غالباً ضمن الفواتير 1-24
A92: WHT | B92: WHT-2645 | C92: 45956 | D92: 3245 | E92: RN-INV#25 | F92: 3245 | G92: 0 | H92: مطابق
A93: WHT | B93: WHT-2660 | C93: 45957 | D93: 4420 | E93: RN-INV#27 | F93: 4420 | G93: 0 | H93: مطابق
A94: WHT | B94: WHT-2672 | C94: 45958 | D94: 4645 | E94: RN-INV#28 | F94: 4645 | G94: 0 | H94: مطابق
A95: WHT | B95: WHT-2682 | C95: 45959 | D95: 2990 | E95: RN-INV#29 | F95: 2990 | G95: 0 | H95: مطابق
A96: WHT | B96: WHT-2701 | C96: 45960 | D96: 6225 | E96: RN-INV#30 | F96: 6225 | G96: 0 | H96: مطابق
A97: WHT | B97: WHT-2714 | C97: 45962 | D97: 8192.5 | E97: RN-INV#32 | F97: 8192.5 | G97: 0 | H97: مطابق
A98: WHT | B98: WHT-2743 | C98: 45963 | D98: 5930 | E98: RN-INV#33 | F98: 5930 | G98: 0 | H98: مطابق
A99: WHT | B99: WHT-2752 | C99: 45964 | D99: 5327.5 | E99: RN-INV#34 | F99: 5327.5 | G99: 0 | H99: مطابق
A100: WHT | B100: WHT-2756 | C100: 45935 | D100: 3520 | H100: غير موجود بالفواتير | I100: تاريخه بالشيت أكتوبر لكن رقمه يقع بين عقود 4-5 نوفمبر – لا توجد فاتورة مبدئية له
A101: WHT | B101: WHT-2758 | C101: 45936 | D101: 13290 | H101: غير موجود بالفواتير | I101: تاريخه بالشيت أكتوبر لكن رقمه يقع بين عقود 4-5 نوفمبر – لا توجد فاتورة مبدئية له
A102: WHT | B102: WHT-2779 | C102: 45966 | D102: 7530 | E102: RN-INV#36 | F102: 7530 | G102: 0 | H102: مطابق
A103: WHT | B103: WHT-2790 | C103: 45967 | D103: 7570 | E103: RN-INV#38 | F103: 7570 | G103: 0 | H103: مطابق
A104: WHT | B104: WHT-2809 | C104: 45969 | D104: 4826 | E104: RN-INV#41 | F104: 4826 | G104: 0 | H104: مطابق
A105: WHT | B105: WHT-2819 | C105: 45970 | D105: 5310 | E105: RN-INV#42 | F105: 5310 | G105: 0 | H105: مطابق
A106: WHT | B106: WHT-2840 | C106: 45971 | D106: 5745 | E106: RN-INV#44 | F106: 5745 | G106: 0 | H106: مطابق
A107: WHT | B107: WHT-2870 | C107: 45973 | D107: 3112.5 | E107: RN-INV#48 | F107: 3112.5 | G107: 0 | H107: مطابق
A108: WHT | B108: WHT-2883 | C108: 45974 | D108: 4600 | E108: RN-INV#50 | F108: 4600 | G108: 0 | H108: مطابق
A109: WHT | B109: WHT-2897 | C109: 45977 | D109: 900 | E109: RN-INV#51 | F109: 900 | G109: 0 | H109: مطابق
A110: WHT | B110: WHT-2914 | C110: 45978 | D110: 5520 | E110: RN-INV#53 | F110: 5520 | G110: 0 | H110: مطابق
A111: WHT | B111: WHT-2951 | C111: 45981 | D111: 5955 | E111: RN-INV#56 | F111: 5955 | G111: 0 | H111: مطابق
A112: WHT | B112: WHT-2953 | C112: 45981 | D112: 12742.5 | E112: RN-INV#57, RN-INV#58 | F112: 12742.5 | G112: 0 | H112: مطابق (مكرر بفاتورتين) | I112: الفاتورتان 57 و58 بنفس العقد والقيمة – العقد مسجل مرة واحدة فقط
A113: WHT | B113: WHT-2955 | C113: 45982 | D113: 8847.5 | E113: RN-INV#59 | F113: 8847.5 | G113: 0 | H113: مطابق
A114: WHT | B114: WHT-2968 | C114: 45983 | D114: 10135 | E114: RN-INV#60 | F114: 10135 | G114: 0 | H114: مطابق
A115: WHT | B115: WHT-2980 | C115: 45984 | D115: 8455 | E115: RN-INV#63 | F115: 8455 | G115: 0 | H115: مطابق
A116: WHT | B116: WHT-2997 | C116: 45985 | D116: 6210 | E116: RN-INV#65 | F116: 6210 | G116: 0 | H116: مطابق
A117: WHT | B117: WHT-3009 | C117: 45986 | D117: 4080 | E117: RN-INV#66 | F117: 4080 | G117: 0 | H117: مطابق
A118: WHT | B118: WHT-3039 | C118: 45988 | D118: 5737.5 | E118: RN-INV#69 | F118: 5737.5 | G118: 0 | H118: مطابق
A119: WHT | B119: WHT-3053 | C119: 45990 | D119: 8065 | E119: RN-INV#71 | F119: 8065 | G119: 0 | H119: مطابق
A120: WHT | B120: WHT-3074 | C120: 45991 | D120: 5075 | E120: RN-INV#72 | F120: 5075 | G120: 0 | H120: مطابق
A121: WHT | B121: WHT-3090 | C121: 45992 | D121: 6787.5 | E121: RN-INV#74 | F121: 6787.5 | G121: 0 | H121: مطابق
A122: WHT | B122: WHT-3102 | C122: 45993 | D122: 2772.5 | E122: RN-INV#75 | F122: 2772.5 | G122: 0 | H122: مطابق
A123: WHT | B123: WHT-3117 | C123: 45994 | D123: 4505 | E123: RN-INV#76 | F123: 4505 | G123: 0 | H123: مطابق
A124: WHT | B124: WHT-3133 | C124: 45995 | D124: 2880 | E124: RN-INV#77 | F124: 2880 | G124: 0 | H124: مطابق
... A139: WHT | B139: WHT-3329 | C139: 46014 | D139: 1380 | E139: RN-INV#98 | F139: 1380 | G139: 0 | H139: مطابق
A140: WHT | B140: WHT-3343 | C140: 46015 | D140: 870 | H140: غير موجود بالفواتير | I140: لا توجد فاتورة مبدئية لهذا العقد
A141: WHT | B141: WHT-3349 | C141: 46016 | D141: 1541.25 | H141: غير موجود بالفواتير | I141: لا توجد فاتورة مبدئية لهذا العقد
A142: WHT | B142: WHT-3355 | C142: 46018 | D142: 4845 | E142: RN-INV#99 | F142: 4845 | G142: 0 | H142: مطابق
A143: WHT | B143: WHT-3426 | C143: 46055 | D143: 790 | E143: RN-INV#107 | F143: 790 | G143: 0 | H143: مطابق
A144: WHT | B144: WHT-3431 | C144: 46106 | D144: 1412.5 | E144: RN-INV#108 | F144: 1412.5 | G144: 0 | H144: مطابق
A145: WHT | B145: WHT-3448 | C145: 46114 | D145: 42695 | E145: RN-INV#109 | F145: 42695 | G145: 0 | H145: مطابق
A146: WHT | B146: WHT-3464 | C146: 46174 | D146: 1972.5 | E146: RN-INV#110 | F146: 1972.5 | G146: 0 | H146: مطابق
A147: WHT | B147: WHT-3488 | C147: 46174 | D147: 3500 | E147: RN-INV#112 | F147: 3500 | G147: 0 | H147: مطابق
A148: WHT | B148: WHT-3496 | C148: 46204 | D148: 1095 | E148: RN-INV#113 | F148: 1095 | G148: 0 | H148: مطابق
A149: WHT | B149: WHT-3503 | C149: 46235 | D149: 2020 | E149: RN-INV#114 | F149: 2020 | G149: 0 | H149: مطابق
A150: WHT | B150: WHT-3518 | C150: 46296 | D150: 2175 | E150: RN-INV#115 | F150: 2175 | G150: 0 | H150: مطابق
A151: WHT | B151: WHT-3543 | C151: 46357 | D151: 5655 | E151: RN-INV#116 | F151: 5655 | G151: 0 | H151: مطابق
A152: WHT | B152: WHT-3549 | C152: 46035 | D152: 2130 | E152: RN-INV#117 | F152: 2130 | G152: 0 | H152: مطابق
A153: WHT | B153: WHT-3560 | C153: 46036 | D153: 2250 | E153: RN-INV#118 | F153: 2250 | G153: 0 | H153: مطابق
... A176: WHT | B176: WHT-3828 | C176: 46358 | D176: 5862.5 | E176: RN-INV#151 | F176: 5862.5 | G176: 0 | H176: مطابق
A177: WHT | B177: WHT-3837 | C177: 46067 | D177: 7380 | E177: RN-INV#153 | F177: 7380 | G177: 0 | H177: مطابق (رقم العقد غير مكتوب بالفاتورة) | I177: الفاتورة مكتوب فيها "WHT-" فقط – مطابقة بالقيمة والتاريخ
A178: WHT | B178: WHT-3851 | C178: 46068 | D178: 5520 | E178: RN-INV#155 | F178: 5520 | G178: 0 | H178: مطابق
A179: WHT | B179: WHT-3857 | C179: 46069 | D179: 5448.75 | E179: RN-INV#156 | F179: 5448.75 | G179: 0 | H179: مطابق (رقم العقد غير مكتوب بالفاتورة) | I179: الفاتورة مكتوب فيها "WHT-" فقط – مطابقة بالقيمة والتاريخ
A180: WHT | B180: WHT-3864 | C180: 46070 | D180: 6536.25 | E180: RN-INV#157 | F180: 6536.25 | G180: 0 | H180: مطابق
A181: WHT | B181: WHT-3875 | C181: 46071 | D181: 4275 | E181: RN-INV#159 | F181: 4275 | G181: 0 | H181: مطابق
A182: WHT | B182: WHT-3885 | C182: 46073 | D182: 5175 | E182: RN-INV#161 | F182: 5175 | G182: 0 | H182: مطابق
A183: WHT | B183: WHT-3905 | C183: 46074 | D183: 4030 | E183: RN-INV#162 | F183: 4030 | G183: 0 | H183: مطابق
A184: WHT | B184: WHT-3909 | C184: 46075 | D184: 2787.5 | E184: RN-INV#163 | F184: 2787.5 | G184: 0 | H184: مطابق
A185: WHT | B185: WHT-3918 | C185: 46076 | D185: 3787.5 | E185: RN-INV#165 | F185: 3787.5 | G185: 0 | H185: مطابق
A186: WHT | B186: WHT-3924 | C186: 46077 | D186: 2020 | E186: RN-INV#167 | F186: 2020 | G186: 0 | H186: مطابق
A187: WHT | B187: WHT-3934 | C187: 46078 | D187: 2790 | E187: RN-INV#169 | F187: 2790 | G187: 0 | H187: مطابق
A188: WHT | B188: WHT-3946 | C188: 46095 | D188: 2575 | E188: RN-INV#170 | F188: 2575 | G188: 0 | H188: مطابق
A189: WHT | B189: WHT-3951 | C189: 46059 | D189: 3205 | E189: RN-INV#171 | F189: 3205 | G189: 0 | H189: مطابق
A190: WHT | B190: WHT-3955 | C190: 46023 | D190: 1665 | E190: RN-INV#172 | F190: 1665 | G190: 0 | H190: مطابق
A191: WHT | B191: WHT-3966 | C191: 46028 | D191: 1320 | E191: RN-INV#175 | F191: 1320 | G191: 0 | H191: مطابق
... A251: WHT | B251: WHT-4357 | C251: 46083 | D251: 2065 | E251: RN-INV#261 | F251: 2065 | G251: 0 | H251: مطابق

Sheet فواتير عقودها غير مسجلة
A1: رقم الفاتورة | B1: التاريخ | C1: رقم العقد بالفاتورة | D1: القيمة | E1: المندوب | F1: ملاحظة
A2: RN-INV#39 | B2: 45969 | C2: WHT-2804 | D2: 14850 | E2: م/ عادل أبو خالد | F2: العقد غير مدرج في الشيت
A3: RN-INV#101 | B3: 46019 | C3: WHT-3368 | D3: 1245 | E3: عصمت الله خان | F3: العقد غير مدرج في الشيت
A4: RN-INV#102 | B4: 46021 | C4: WHT-3379 | D4: 1132.5 | E4: عصمت الله خان | F4: العقد غير مدرج في الشيت
A5: RN-INV#104 | B5: 46021 | C5: WHE-3402 | D5: 6097.5 | E5: عماد حمدي | F5: العقد غير مدرج في الشيت
A6: RN-INV#105 | B6: 46022 | C6: WHT-3404 | D6: 2630 | E6: عصمت الله خان | F6: العقد غير مدرج في الشيت
A7: RN-INV#262 | B7: 46176 | C7: WHE-4358 | D7: 4810 | E7: عماد حمدي | F7: بعد 1-6-2026 (خارج فترة الشيت)
A8: RN-INV#263 | B8: 46176 | C8: WHT-4360 | D8: 1542.5 | E8: عصمت الله خان | F8: بعد 1-6-2026 (خارج فترة الشيت)

Sheet الفواتير مقابل الكشف
A1: رقم الفاتورة | B1: تاريخ الفاتورة | C1: رقم العقد | D1: قيمة الفاتورة | E1: المندوب | F1: رقم المستند بالكشف | G1: تاريخ الكشف | H1: العقد بالكشف | I1: القيمة بالكشف | J1: الحالة | K1: الملاحظات
A2: RN-INV#25 | B2: 45957 | C2: WHT-2645 | D2: 3245 | E2: عصمت الله خان | J2: غير مسجلة بالكشف | K2: قبل بداية الكشف (1-11-2025) – يجب أن تكون ضمن الرصيد الافتتاحي
A3: RN-INV#26 | B3: 45957 | C3: WHK-2656 | D3: 900 | E3: م/ عادل أبو خالد | J3: غير مسجلة بالكشف | K3: قبل بداية الكشف (1-11-2025) – يجب أن تكون ضمن الرصيد الافتتاحي
A4: RN-INV#27 | B4: 45958 | C4: WHT-2660 | D4: 4420 | E4: عصمت الله خان | J4: غير مسجلة بالكشف | K4: قبل بداية الكشف (1-11-2025) – يجب أن تكون ضمن الرصيد الافتتاحي
A5: RN-INV#28 | B5: 45959 | C5: WHT-2672 | D5: 4645 | E5: عصمت الله خان | J5: غير مسجلة بالكشف | K5: قبل بداية الكشف (1-11-2025) – يجب أن تكون ضمن الرصيد الافتتاحي
A6: RN-INV#29 | B6: 45960 | C6: WHT-2682 | D6: 2990 | E6: عصمت الله خان | J6: غير مسجلة بالكشف | K6: قبل بداية الكشف (1-11-2025) – يجب أن تكون ضمن الرصيد الافتتاحي
A7: RN-INV#30 | B7: 45961 | C7: WHT-2701 | D7: 6225 | E7: عصمت الله خان | J7: غير مسجلة بالكشف | K7: قبل بداية الكشف (1-11-2025) – يجب أن تكون ضمن الرصيد الافتتاحي
A8: RN-INV#31 | B8: 45963 | C8: WHK-2712 | D8: 1125 | E8: م/ عادل أبو خالد | F8: 2712 | G8: 45962 | H8: WHK-2712 | I8: 1125 | J8: مسجلة مع ملاحظة | K8: رقم المستند بالكشف 2712 خطأ – الصحيح 31
A9: RN-INV#32 | B9: 45963 | C9: WHT-2714 | D9: 8192.5 | E9: عصمت الله خان | F9: 2714 | G9: 45962 | H9: WHT-2714 | I9: 8192.5 | J9: مسجلة مع ملاحظة | K9: رقم المستند بالكشف 2714 خطأ – الصحيح 32
A10: RN-INV#33 | B10: 45964 | C10: WHT-2743 | D10: 5930 | E10: عصمت الله خان | F10: 2743 | G10: 45963 | H10: WHT-2743 | I10: 5930 | J10: مسجلة مع ملاحظة | K10: رقم المستند بالكشف 2743 خطأ – الصحيح 33
A11: RN-INV#34 | B11: 45965 | C11: WHT-2752 | D11: 5327.5 | E11: عصمت الله خان | F11: 2752 | G11: 45964 | H11: WHT-2752 | I11: 5327.5 | J11: مسجلة مع ملاحظة | K11: رقم المستند بالكشف 2752 خطأ – الصحيح 34
A12: RN-INV#35 | B12: 45966 | C12: WHK-2776 | D12: 752.5 | E12: م/ عادل أبو خالد | F12: 35 | G12: 45966 | H12: WHK-2776 | I12: 752.5 | J12: مسجلة
A13: RN-INV#36 | B13: 45967 | C13: WHT-2779 | D13: 7530 | E13: عصمت الله خان | F13: 36 | G13: 45966 | H13: WHT-2779 | I13: 7530 | J13: مسجلة
A14: RN-INV#37 | B14: 45967 | C14: WHK-2787 | D14: 337.5 | E14: م/ عادل أبو خالد | F14: 37 | G14: 45967 | H14: WHK-2787 | I14: 337.5 | J14: مسجلة
A15: RN-INV#38 | B15: 45968 | C15: WHT-2790 | D15: 7570 | E15: عصمت الله خان | F15: 38 | G15: 45967 | H15: WHT-2790 | I15: 7570 | J15: مسجلة
A16: RN-INV#39 | B16: 45969 | C16: WHT-2804 | D16: 14850 | E16: م/ عادل أبو خالد | F16: 39 | G16: 45969 | H16: WHK-2804 | I16: 14850 | J16: مسجلة مع ملاحظة | K16: بالكشف WHK-2804 وبالفاتورة WHT-2804 – البادئة الصحيحة WHK (عادل)
A17: RN-INV#40 | B17: 45969 | C17: WHK-2807 | D17: 22000 | E17: م/ عادل أبو خالد | F17: 40 | G17: 45969 | H17: WHK-2364 | I17: 22000 | J17: مسجلة مع ملاحظة | K17: مسجلة بالكشف على عقد عرعر WHK-2364 بدلاً من WHK-2807
A18: RN-INV#41 | B18: 45970 | C18: WHT-2809 | D18: 4826 | E18: عصمت الله خان | F18: 41 | G18: 45969 | H18: WHT-2809 | I18: 4826 | J18: مسجلة
A19: RN-INV#42 | B19: 45971 | C19: WHT-2819 | D19: 5310 | E19: عصمت الله خان | F19: 42 | G19: 45970 | H19: WHT-2819 | I19: 5310 | J19: مسجلة
A20: RN-INV#43 | B20: 45971 | C20: WHK-2835 | D20: 9047.5 | E20: م/ عادل أبو خالد | F20: 43 | G20: 45971 | H20: WHK-2835 | I20: 9047.5 | J20: مسجلة
A21: RN-INV#44 | B21: 45972 | C21: WHT-2840 | D21: 5745 | E21: عصمت الله خان | F21: 44 | G21: 45971 | H21: WHT-2840 | I21: 5745 | J21: مسجلة
A22: RN-INV#45 | B22: 45972 | C22: RNW-2842 | D22: 22687.5 | E22: م/ عادل أبو خالد | F22: 45 | G22: 45972 | H22: WHK-2364 | I22: 22687.5 | J22: مسجلة مع ملاحظة | K22: مسجلة بالكشف على عقد عرعر WHK-2364 بدلاً من RNW-2842
A23: RN-INV#46 | B23: 45972 | C23: WHK-2853 | D23: 7500 | E23: م/ عادل أبو خالد | F23: 46 | G23: 45972 | H23: WHK-2853 | I23: 7500 | J23: مسجلة
A24: RN-INV#47 | B24: 45973 | C24: WHK-2868 | D24: 1500 | E24: م/ عادل أبو خالد | F24: 47 | G24: 45973 | H24: WHK-2868 | I24: 1500 | J24: مسجلة
A25: RN-INV#48 | B25: 45974 | C25: WHT-2870 | D25: 3112.5 | E25: عصمت الله خان | F25: 48 | G25: 45973 | H25: WHT-2870 | I25: 3112.5 | J25: مسجلة
A26: RN-INV#49 | B26: 45974 | C26: WHK-2881 | D26: 1759.5 | E26: م/ عادل أبو خالد | F26: 49 | G26: 45974 | H26: WHK-2881 | I26: 1759.5 | J26: مسجلة
A27: RN-INV#50 | B27: 45975 | C27: WHT-2883 | D27: 4600 | E27: عصمت الله خان | F27: 50 | G27: 45974 | H27: WHT-2883 | I27: 4600 | J27: مسجلة
A28: RN-INV#51 | B28: 45977 | C28: WHT-2897 | D28: 900 | E28: عصمت الله خان | F28: 51 | G28: 45977 | H28: WHT-2897 | I28: 900 | J28: مسجلة
A29: RN-INV#52 | B29: 45978 | C29: WHK-2912 | D29: 2650 | E29: م/ عادل أبو خالد | F29: 52 | G29: 45978 | H29: WHK-2912 | I29: 2650 | J29: مسجلة
A30: RN-INV#53 | B30: 45979 | C30: WHT-2914 | D30: 5520 | E30: عصمت الله خان | F30: 53 | G30: 45978 | H30: WHT-2914 | I30: 5520 | J30: مسجلة
A31: RN-INV#54 | B31: 45981 | C31: RNW-2945 | D31: 23100 | E31: م/ عادل أبو خالد | F31: 54 | G31: 45980 | H31: WHK-2364 | I31: 23100 | J31: مسجلة مع ملاحظة | K31: مسجلة بالكشف على عقد عرعر WHK-2364 بدلاً من RNW-2945
A32: RN-INV#55 | B32: 45981 | C32: WHK-2948 | D32: 1535 | E32: م/ عادل أبو خالد | F32: 55 | G32: 45981 | H32: WHK-2948 | I32: 1535 | J32: مسجلة
A33: RN-INV#56 | B33: 45981 | C33: WHT-2951 | D33: 5955 | E33: عصمت الله خان | F33: 56 | G33: 45979 | H33: WHT-2951 | I33: 5955 | J33: مسجلة
A34: RN-INV#57 | B34: 45982 | C34: WHT-2953 | D34: 12742.5 | E34: عصمت الله خان | F34: 58 | G34: 45980 | H34: WHT-2953 | I34: 12742.5 | J34: مسجلة مع ملاحظة | K34: الفاتورتان 57 و58 بنفس العقد WHT-2953 ونفس القيمة – مسجلة بالكشف مرة واحدة فقط (مستند 58)
A35: RN-INV#58 | B35: 45982 | C35: WHT-2953 | D35: 12742.5 | E35: عصمت الله خان | J35: غير مسجلة بالكشف | K35: مكررة مع الفاتورة 57 – غير مسجلة بالكشف (يُرجّح إلغاء إحداهما)
A36: RN-INV#59 | B36: 45982 | C36: WHT-2955 | D36: 8847.5 | E36: عصمت الله خان | F36: 59 | G36: 45981 | H36: WHT-2955 | I36: 8847.5 | J36: مسجلة
A37: RN-INV#60 | B37: 45984 | C37: WHT-2968 | D37: 10135 | E37: عصمت الله خان | F37: 60 | G37: 45983 | H37: WHT-2968 | I37: 10135 | J37: مسجلة
A38: RN-INV#61 | B38: 45984 | C38: WHK-2971 | D38: 6090 | E38: م/ عادل أبو خالد | F38: 61 | G38: 45983 | H38: WHK-2971 | I38: 6090 | J38: مسجلة
A39: RN-INV#62 | B39: 45984 | C39: WHE-2973 | D39: 6315 | E39: عماد حمدي | F39: 62 | G39: 45983 | H39: WHE-2973 | I39: 6315 | J39: مسجلة
A40: RN-INV#63 | B40: 45985 | C40: WHT-2980 | D40: 8455 | E40: عصمت الله خان | F40: 63 | G40: 45984 | H40: WHT-2980 | I40: 8455 | J40: مسجلة
A41: RN-INV#64 | B41: 45985 | C41: WHK-2995 | D41: 4200 | E41: م/ عادل أبو خالد | F41: 64 | G41: 45985 | H41: WHK-2995 | I41: 4200 | J41: مسجلة
A42: RN-INV#65 | B42: 45986 | C42: WHT-2997 | D42: 6210 | E42: عصمت الله خان | F42: 65 | G42: 45985 | H42: WHT-2997 | I42: 6210 | J42: مسجلة
A43: RN-INV#66 | B43: 45987 | C43: WHT-3009 | D43: 4080 | E43: عصمت الله خان | F43: 66 | G43: 45986 | H43: WHT-3009 | I43: 4080 | J43: مسجلة
A44: RN-INV#67 | B44: 45987 | C44: WHE-3011 | D44: 8300.5 | E44: عماد حمدي | F44: 67 | G44: 45986 | H44: WHE-3011 | I44: 8300.5 | J44: مسجلة
A45: RN-INV#68 | B45: 45988 | C45: WHK-3029 | D45: 157.5 | E45: م/ عادل أبو خالد | F45: 68 | G45: 45987 | H45: WHK-3029 | I45: 157.5 | J45: مسجلة
A46: RN-INV#69 | B46: 45989 | C46: WHT-3039 | D46: 5737.5 | E46: عصمت الله خان | F46: 69 | G46: 45988 | H46: WHT-3039 | I46: 5737.5 | J46: مسجلة
A47: RN-INV#70 | B47: 45989 | C47: WHE-3041 | D47: 7387.5 | E47: عماد حمدي | F47: 70 | G47: 45989 | H47: WHE-3041 | I47: 7387.5 | J47: مسجلة
... A60: RN-INV#83 | B60: 46002 | C60: WHT-3208 | D60: 2253.75 | E60: عصمت الله خان | F60: 83 | G60: 46001 | H60: WHT-3208 | I60: 2253.75 | J60: مسجلة
A61: RN-INV#84 | B61: 46002 | C61: RNW-3210 | D61: 23375 | E61: م/ عادل أبو خالد | F61: 84 | G61: 46002 | H61: WHK-2364 | I61: 23375 | J61: مسجلة مع ملاحظة | K61: مسجلة بالكشف على عقد عرعر WHK-2364 بدلاً من RNW-3210
A62: RN-INV#85 | B62: 46002 | C62: WHE-3212 | D62: 10731.25 | E62: عماد حمدي | F62: 85 | G62: 46002 | H62: WHE-3212 | I62: 10731.25 | J62: مسجلة
A63: RN-INV#86 | B63: 46003 | C63: WHT-3215 | D63: 3075 | E63: عصمت الله خان | F63: 86 | G63: 46002 | H63: WHT-3215 | I63: 3075 | J63: مسجلة
A64: RN-INV#87 | B64: 46005 | C64: WHT-3228 | D64: 1728.75 | E64: عصمت الله خان | F64: 87 | G64: 46004 | H64: WHT-3228 | I64: 1728.75 | J64: مسجلة
A65: RN-INV#88 | B65: 46006 | C65: WHT-3241 | D65: 1057.5 | E65: عصمت الله خان | F65: 88 | G65: 46005 | H65: WHT-3241 | I65: 1057.5 | J65: مسجلة
A66: RN-INV#89 | B66: 46006 | C66: WHK-3243 | D66: 1875 | E66: م/ عادل أبو خالد | F66: 89 | G66: 46005 | H66: WHK-3243 | I66: 1875 | J66: مسجلة
A67: RN-INV#90 | B67: 46006 | C67: WHE-3245 | D67: 4845.5 | E67: عماد حمدي | F67: 90 | G67: 46005 | H67: WHE-3245 | I67: 4845.5 | J67: مسجلة
A68: RN-INV#91 | B68: 46007 | C68: WHT-3253 | D68: 5730 | E68: عصمت الله خان | F68: 91 | G68: 46006 | H68: WHT-3253 | I68: 5730 | J68: مسجلة
A69: RN-INV#92 | B69: 46008 | C69: WHT-3266 | D69: 7080 | E69: عصمت الله خان | F69: 92 | G69: 46007 | H69: WHT-3266 | I69: 7080 | J69: مسجلة
A70: RN-INV#93 | B70: 46009 | C70: WHT-3270 | D70: 1785 | E70: عصمت الله خان | F70: 93 | G70: 46008 | H70: WHT-3270 | I70: 1785 | J70: مسجلة
A71: RN-INV#94 | B71: 46009 | C71: WHE-3274 | D71: 6818.5 | E71: عماد حمدي | F71: 94 | G71: 46008 | H71: WHE-3274 | I71: 6818.5 | J71: مسجلة
A72: RN-INV#95 | B72: 46012 | C72: WHT-3294 | D72: 885 | E72: عصمت الله خان | F72: 95 | G72: 46011 | H72: WHT-3294 | I72: 885 | J72: مسجلة
A73: RN-INV#96 | B73: 46013 | C73: WHT-3303 | D73: 970 | E73: عصمت الله خان | F73: 96 | G73: 46012 | H73: WHT-3303 | I73: 970 | J73: مسجلة
... A76: RN-INV#99 | B76: 46019 | C76: WHT-3355 | D76: 4845 | E76: عصمت الله خان | F76: 99 | G76: 46018 | H76: WHT-3355 | I76: 4845 | J76: مسجلة
A77: RN-INV#100 | B77: 46019 | C77: RNW-3357 | D77: 22500 | E77: م/ عادل أبو خالد | F77: 100 | G77: 46018 | H77: WHK-2364 | I77: 22500 | J77: مسجلة مع ملاحظة | K77: مسجلة بالكشف على عقد عرعر WHK-2364 بدلاً من RNW-3357
A78: RN-INV#101 | B78: 46019 | C78: WHT-3368 | D78: 1245 | E78: عصمت الله خان | F78: 101 | G78: 46019 | H78: WHT-3368 | I78: 1245 | J78: مسجلة
A79: RN-INV#102 | B79: 46021 | C79: WHT-3379 | D79: 1132.5 | E79: عصمت الله خان | F79: 102 | G79: 46020 | H79: WHT-3379 | I79: 1132.5 | J79: مسجلة
A80: RN-INV#103 | B80: 46021 | C80: WHK-3400 | D80: 505 | E80: م/ عادل أبو خالد | F80: 103 | G80: 46021 | H80: WHK-3400 | I80: 505 | J80: مسجلة
A81: RN-INV#104 | B81: 46021 | C81: WHE-3402 | D81: 6097.5 | E81: عماد حمدي | F81: 104 | G81: 46021 | H81: WHE-3402 | I81: 6097.5 | J81: مسجلة
A82: RN-INV#105 | B82: 46022 | C82: WHT-3404 | D82: 2630 | E82: عصمت الله خان | F82: 105 | G82: 46021 | H82: WHT-3404 | I82: 2630 | J82: مسجلة
A83: RN-INV#106 | B83: 46024 | C83: WHE-3424 | D83: 6577.5 | E83: عماد حمدي | F83: 106 | G83: 46023 | H83: WHE-3424 | I83: 6577.5 | J83: مسجلة
A84: RN-INV#107 | B84: 46024 | C84: WHT-3426 | D84: 790 | E84: عصمت الله خان | F84: 107 | G84: 46023 | H84: WHT-3426 | I84: 790 | J84: مسجلة
A85: RN-INV#108 | B85: 46026 | C85: WHT-3431 | D85: 1412.5 | E85: عصمت الله خان | F85: 108 | G85: 46025 | H85: WHT-3431 | I85: 1412.5 | J85: مسجلة
A86: RN-INV#109 | B86: 46027 | C86: WHT-3448 | D86: 42695 | E86: عصمت الله خان | F86: 109 | G86: 46026 | H86: WHT-3448 | I86: 42695 | J86: مسجلة
A87: RN-INV#110 | B87: 46028 | C87: WHT-3464 | D87: 1972.5 | E87: عصمت الله خان | F87: 110 | G87: 46027 | H87: WHT-3464 | I87: 1972.5 | J87: مسجلة
A88: RN-INV#111 | B88: 46028 | C88: WHE-3475 | D88: 8985 | E88: عماد حمدي | F88: 111 | G88: 46027 | H88: WHE-3475 | I88: 8985 | J88: مسجلة
A89: RN-INV#112 | B89: 46029 | C89: WHT-3488 | D89: 3500 | E89: عصمت الله خان | F89: 112 | G89: 46028 | H89: WHT-3488 | I89: 3500 | J89: مسجلة
... A124: RN-INV#147 | B124: 46063 | C124: WHT-3786 | D124: 6900 | E124: عصمت الله خان | F124: 147 | G124: 46062 | H124: WHT-3786 | I124: 6900 | J124: مسجلة
A125: RN-INV#148 | B125: 46064 | C125: WHT-3804 | D125: 4472.5 | E125: عصمت الله خان | F125: 148 | G125: 46063 | H125: WHT-3786 | I125: 4472.5 | J125: مسجلة مع ملاحظة | K125: رقم العقد بالكشف WHT-3786 خطأ – الصحيح WHT-3804 (حسب الفاتورة)
A126: RN-INV#149 | B126: 46064 | C126: WHK-3809 | D126: 3125 | E126: م/ عادل أبو خالد | F126: 149 | G126: 46064 | H126: WHK-3809 | I126: 3125 | J126: مسجلة
A127: RN-INV#150 | B127: 46064 | C127: WHT-3814 | D127: 6267.5 | E127: عصمت الله خان | F127: 150 | G127: 46064 | H127: WHT-3814 | I127: 6267.5 | J127: مسجلة
A128: RN-INV#151 | B128: 46065 | C128: WHT-3828 | D128: 5862.5 | E128: عصمت الله خان | F128: 151 | G128: 46065 | H128: WHT-3828 | I128: 5862.5 | J128: مسجلة
A129: RN-INV#152 | B129: 46066 | C129: WHE-3834 | D129: 4628.75 | E129: عماد حمدي | F129: 152 | G129: 46065 | H129: WHE-3834 | I129: 4628.75 | J129: مسجلة
A130: RN-INV#153 | B130: 46067 | C130: WHT- | D130: 7380 | E130: عصمت الله خان | F130: 153 | G130: 46067 | H130: WHT-3837 | I130: 7380 | J130: مسجلة مع ملاحظة | K130: رقم العقد ناقص بالفاتورة – بالكشف WHT-3837
A131: RN-INV#154 | B131: 46068 | C131: WHE-3842 | D131: 9600 | E131: عماد حمدي | F131: 154 | G131: 46067 | H131: WHE-3842 | I131: 9600 | J131: مسجلة
A132: RN-INV#155 | B132: 46069 | C132: WHT-3851 | D132: 5520 | E132: عصمت الله خان | F132: 155 | G132: 46068 | H132: WHT-3851 | I132: 5520 | J132: مسجلة
A133: RN-INV#156 | B133: 46070 | C133: WHT- | D133: 5448.75 | E133: عصمت الله خان | F133: 156 | G133: 46069 | H133: WHT-3857 | I133: 5447.75 | J133: مسجلة مع ملاحظة | K133: فرق في القيمة: الفاتورة 5448.75 والكشف 5447.75 | رقم العقد ناقص بالفاتورة – بالكشف WHT-3857
A134: RN-INV#157 | B134: 46070 | C134: WHT-3864 | D134: 6536.25 | E134: عصمت الله خان | F134: 157 | G134: 46070 | H134: WHT-3864 | I134: 6536.25 | J134: مسجلة
A135: RN-INV#158 | B135: 46071 | C135: WHE-3869 | D135: 5768.75 | E135: عماد حمدي | F135: 158 | G135: 46070 | H135: WHE-3869 | I135: 5768.75 | J135: مسجلة
A136: RN-INV#159 | B136: 46072 | C136: WHT-3875 | D136: 4275 | E136: عصمت الله خان | F136: 159 | G136: 46071 | H136: WHT-3875 | I136: 4275 | J136: مسجلة
A137: RN-INV#160 | B137: 46072 | C137: WHK- | D137: 2012.5 | E137: م/ عادل أبو خالد | F137: 160 | G137: 46072 | H137: WHK-3878 | I137: 2012.5 | J137: مسجلة مع ملاحظة | K137: رقم العقد ناقص بالفاتورة – بالكشف WHK-3878
A138: RN-INV#161 | B138: 46073 | C138: WHT-3885 | D138: 5175 | E138: عصمت الله خان | F138: 161 | G138: 46073 | H138: WHT-3885 | I138: 5175 | J138: مسجلة
A139: RN-INV#162 | B139: 46075 | C139: WHT-3905 | D139: 4030 | E139: عصمت الله خان | F139: 162 | G139: 46074 | H139: WHT-3905 | I139: 4030 | J139: مسجلة
A140: RN-INV#163 | B140: 46076 | C140: WHT-3909 | D140: 2787.5 | E140: عصمت الله خان | F140: 163 | G140: 46075 | H140: WHT-3909 | I140: 2787.5 | J140: مسجلة
A141: RN-INV#164 | B141: 46076 | C141: WHE-3912 | D141: 4952.5 | E141: عماد حمدي | F141: 164 | G141: 46075 | H141: WHE-3912 | I141: 4952.5 | J141: مسجلة
A142: RN-INV#165 | B142: 46084 | C142: WHT-3918 | D142: 3787.5 | E142: عصمت الله خان | F142: 165 | G142: 46076 | H142: WHT-3918 | I142: 3787.5 | J142: مسجلة مع ملاحظة | K142: فرق تاريخ 8 يوم (الكشف 2026-02-23)
A143: RN-INV#166 | B143: 46084 | C143: WHK-3923 | D143: 6862.5 | E143: م/ عادل أبو خالد | F143: 102 | G143: 46077 | H143: WHK-3923 | I143: 6862.5 | J143: مسجلة مع ملاحظة | K143: رقم المستند بالكشف 102 خطأ – الصحيح 166 | فرق تاريخ 7 يوم (الكشف 2026-02-24)
A144: RN-INV#167 | B144: 46084 | C144: WHT-3924 | D144: 2020 | E144: عصمت الله خان | F144: 167 | G144: 46077 | H144: WHT-3924 | I144: 2020 | J144: مسجلة مع ملاحظة | K144: فرق تاريخ 7 يوم (الكشف 2026-02-24)
A145: RN-INV#168 | B145: 46084 | C145: WHE-3936 | D145: 5331.25 | E145: عماد حمدي | F145: 105 | G145: 46078 | H145: WHE-3936 | I145: 5331.25 | J145: مسجلة مع ملاحظة | K145: رقم المستند بالكشف 105 خطأ – الصحيح 168 | فرق تاريخ 6 يوم (الكشف 2026-02-25)
A146: RN-INV#169 | B146: 46084 | C146: WHT-3934 | D146: 2790 | E146: عصمت الله خان | F146: 169 | G146: 46078 | H146: WHT-3934 | I146: 2790 | J146: مسجلة مع ملاحظة | K146: فرق تاريخ 6 يوم (الكشف 2026-02-25)
A147: RN-INV#170 | B147: 46084 | C147: WHT-3946 | D147: 2575 | E147: عصمت الله خان | F147: 170 | G147: 46081 | H147: WHT-3946 | I147: 2575 | J147: مسجلة مع ملاحظة | K147: فرق تاريخ 3 يوم (الكشف 2026-02-28)
A148: RN-INV#171 | B148: 46084 | C148: WHT-3951 | D148: 3205 | E148: عصمت الله خان | F148: 171 | G148: 46082 | H148: WHT-3951 | I148: 3205 | J148: مسجلة
...

Sheet قيود كشف بدون فاتورة
A1: صف بالكشف | B1: رقم المستند | C1: التاريخ | D1: رقم العقد | E1: القيمة | F1: المندوب | G1: البيان بالكشف | H1: الملاحظة
A2: 173 | B2: None | C2: 46008 | E2: 62937 | F2: م/ عادل أبو خالد | G2: قيمة تصفية مديونية ابوخالد حتي 31-10 | H2: تصفية مديونية أبو خالد حتى 31-10 – رصيد افتتاحي مسجل كفاتورة، بدون مستند مؤيد
A3: 198 | B3: 99 | C3: 46015 | D3: WHT-3343 | E3: 870 | F3: عصمت الله خان | H3: موجود في شيت العقود (WHT-3343) بدون فاتورة مبدئية
A4: 200 | B4: 100 | C4: 46016 | D4: WHT-3349 | E4: 1541.25 | F4: عصمت الله خان | H4: موجود في شيت العقود (WHT-3349) بدون فاتورة مبدئية
A5: 410 | B5: 1 | C5: 46081 | D5: WHK-2364 | E5: 38293.75 | F5: م/ عادل أبو خالد | G5: زهور تبوك - 69625*.55 | H5: طلبية عرعر – بدون فاتورة مبدئية، تحتاج مستند (عدد×سعر مذكور بالبيان)

Sheet مصروفات - الملخص
A1: المصاريف التشغيلية – مزرعة الرياض (1-1-2026 إلى 31-7-2026)
A3: البند | B3: العدد | C3: المبلغ | D3: ملاحظة
A4: أولاً: أوامر الشراء (مشتريات المزرعة)
A5: أوامر مدفوعة بالكامل | B5: 29 | C5: 497518.61
A6: أوامر مدفوعة جزئياً | B6: 1 | C6: 66420 | D6: PO-0777 (بساتين الرياض) – مسدد 11,000 والمتبقي 55,420
A7: أوامر غير مدفوعة | B7: 1 | C7: 33950 | D7: PO-1023 (بساتين الرياض)
A8: إجمالي أوامر الشراء | B8: 31 | C8: 597888.61
A9: المديونية القائمة للموردين (حد أقصى) | B9: 2 | C9: 89370 | D9: PO-1023 (33,950) + المتبقي من PO-0777 (55,420)
A10: ثانياً: مصروفات العهد النقدية (تسويات معتمدة)
A11: داخل الفترة حتى 31-7-2026 | B11: 147 | C11: 44851.46 | D11: تفصيلها حسب البند والسيارة في شيت "العهد - ملخص"
A12: بعد 31-7-2026 (خارج الفترة) | B12: 31 | C12: 4966.02
A13: أرصدة عهد لم تُسوَّ بعد | C13: 1543.91 | D13: مبالغ صُرفت لأصحاب العهد ولم تُقدم بها مستندات حتى تاريخ التقارير 9-8-2026
A14: يُخصم: أوامر 2026 هي سداد لمشتريات 2025 (PO-288، PO-287-REV1، PO-296، PO-295) | B14: 4 | C14: -211811.25 | D14: مصروفات تخص 2025 وسُددت في 2026 – مدرجة في شيت مصروفات 2025
A15: إجمالي المصاريف التشغيلية 2026 (أوامر الشراء + العهد، بعد استبعاد سداد 2025) | C15: =C8+C11+C14
A17: ملاحظات المراجعة:
A18: 1) كل تقارير العهد الأربعة مطابقة: مجموع التسويات = "TOTAL SETTLED" بكل تقرير، ومجموع الإضافات = "TOTAL GRANTED".
A19: 2) ⚠ مديونية قائمة: PO-1023 (33,950 غير مدفوع) و PO-0777 (66,420 مدفوع جزئياً) – كلاهما لمؤسسة بساتين الرياض وتم استلامهما بالكامل.
A20: 3) ⚠ 27 أمر شراء حالة الاستلام فيها "Not Issued" رغم أنها مدفوعة بالكامل – يعني الاستلام لم يُسجل بالنظام.
A21: 4) ⚠ المدارات: أمران بنفس القيمة 53,475 (PO-267 و PO-309) – يلزم التأكد أنهما توريدان مختلفان.
A22: 5) أوامر PO-288 و PO-287-REV1 و PO-295 و PO-296 (211,811.25) هي سداد لمشتريات 2025 غير مدفوعة – تم استبعادها من مصاريف 2026.
A23: 6) ⚠ تداخل محتمل: مصروفات الديزل بالعهد (سيارات 1219 و 3010) قد تكون جزءاً من إجمالي الديزل 2026 (24,888) في شيت "الديزل المدفوع من نسما الشرق" – يلزم التأكد لتجنب الاحتساب مرتين.
A24: 7) عهدة حسين مصطفى تشمل إضافات "نقداً" بقيمة 39,518.39 (عمود المنصرف = 0) – أي أنها صُرفت نقداً من خارج النظام.
A25: 8) مصروفات 2025 مضافة في شيتي "مصروفات 2025 - تفصيل" و"مصروفات 2025 - ملخص".
A27: ثالثاً: مصروفات التشغيل قبل 30-7-2025 (فبراير–ديسمبر 2024) | C27: ='مصروفات قبل 30.7.2025'!E28 | D27: تفصيلها في شيت "مصروفات قبل 30.7.2025"
A28: ثالثاً (ب): مصروفات دفعها م/ عادل أبو خالد من المبيعات (10-2024 إلى 6-2025) | C28: ='مصروفات قبل 30.7.2025'!E42 | D28: تفصيلها في شيت "مصروفات قبل 30.7.2025"
A29: رابعاً: مصروفات التأسيس (صفحة مستقلة) | C29: ='مصروفات التأسيس'!E27 | D29: تفصيلها في شيت "مصروفات التأسيس" – غير مجمعة مع المصاريف التشغيلية

Sheet مصروفات التأسيس
A1: مصروفات تأسيس مزرعة الرياض
A2: م | B2: التاريخ | C2: البيان | D2: طريقة الدفع | E2: المبلغ | F2: ملاحظة
A3: 1 | B3: 45292 | C3: مصروفات من حساب الزهور لأبوخالد (عهدة) | D3: أبومازن | E3: 88770 | F3: ⚠ مدفوع عن طريق أبومازن (ليس من حسابات الشركة) – عهدة بحساب الزهور لأبوخالد
A4: 2 | B4: 45292 | C4: سيارة ونيت غمارتين | D4: أبومازن | E4: 10000 | F4: ⚠ مدفوع عن طريق أبومازن
A5: 3 | B5: 45300 | C5: رسوم إيجار لمدة عامين | D5: البنك السعودي | E5: 300000 | F5: إيجار سنتين – جزء منه يخص فترة التشغيل (يُراعى عند التحميل)
A6: 4 | B6: 45309 | C6: خلايا تبريد وشبك ظل وبلاستيك بيوت محمية (مصنع الروضة) | D6: البنك السعودي | E6: 79904
A7: 5 | B7: 45323 | C7: شراء غطاسات وسيور مراوح (مصنع الروضة) | D7: البنك السعودي | E7: 6417
A8: 6 | B8: 45330 | C8: شراء شبك ظل (مصنع الروضة) | D8: بنك الرياض | E8: 7820
A9: 7 | B9: 45335 | C9: سداد خدمة إيصال التيار الكهربائي ورفعة لقدرة 300 أمبير | D9: بنك الرياض | E9: 13330.8
A10: 8 | B10: 45348 | C10: شبك ظل من (شركة فالكون) | D10: بنك الرياض | E10: 31562
A11: 9 | B11: 45375 | C11: دفعة أولى من حساب الأسفلت بالمزرعة | D11: بنك الرياض | E11: 15000
A12: 10 | B12: 45375 | C12: شراء سيارة ايسوزو دينة موديل 2023 | D12: بنك الرياض | E12: 97750
A13: 11 | B13: 45407 | C13: تأمين السيارات | D13: بنك الرياض | E13: 4450 | F13: الترتيب: تاريخه 25-4 قبل بندي 12 و13 بتاريخ 8-4
A14: 12 | B14: 45390 | C14: دفعة ثانية من حساب الأسفلت + إيجار شيول 9 أيام | D14: بنك الرياض | E14: 11700
A15: 13 | B15: 45390 | C15: بلاستيك أسود تغطية البيوت المحمية (مؤسسة أفكار) | D15: البنك السعودي | E15: 18000
A16: 14 | B16: 45403 | C16: سليمان عبدالعزيز الخضيري (توجيه من أبومازن) | D16: بنك ساب | E16: 35000 | F16: ⚠ دفعة لشخص بتوجيه من أبومازن بدون بيان للغرض
A17: 15 | B17: 45407 | C17: شراء سيارة ايسوزو غمارتين موديل 2023 | D17: البنك السعودي | E17: 85400
A18: 16 | B18: 45417 | C18: شراء مضخة (شركة المسبك) | D18: البنك السعودي | E18: 5550
A19: 17 | B19: 45417 | C19: شراء شبك ظل (شركة آل طالب) | D19: بنك الرياض | E19: 31050
A20: 18 | B20: 45444 | C20: صندوق براد للدينة – عصمت | D20: البنك السعودي | E20: 14500
A21: 19 | B21: 45479 | C21: كيبل كهرباء (شركة العواد للتجارة) | D21: البنك السعودي | E21: 8100
A22: 20 | B22: 45547 | C22: حساب غطاس بالمزرعة | D22: البنك السعودي | E22: 7300
A23: 21 | B23: 45568 | C23: شراء بيوت جاهزة | D23: البنك السعودي | E23: 29900
A24: 22 | B24: 45568 | C24: شراء خزانات مياه | D24: البنك السعودي | E24: 29000
A25: 23 | B25: 45962 | C25: دينة مندوب الرياض – عماد | D25: البنك السعودي | E25: 123000 | F25: ⚠ التاريخ 1-11-2025 وليس 2024 – خارج فترة التأسيس (يقع ضمن فترة التشغيل)
A26: 24 | B26: 45636 | C26: مواد سباكة من الوسايل | D26: البنك السعودي | E26: 36232
C27: الإجمالي | E27: =SUM(E3:E26)
C28: مساهمة أبو خالد في مصروفات التأسيس | D28: أبو خالد | E28: 189235
C29: إجمالي مصروفات التأسيس الفعلية | E29: =E27+E28
A32: حسب طريقة الدفع
C33: البنك السعودي | E33: =SUMIFS(E3:E26,D3:D26,C33)
C34: بنك الرياض | E34: =SUMIFS(E3:E26,D3:D26,C34)
C35: بنك ساب | E35: =SUMIFS(E3:E26,D3:D26,C35)
C36: أبومازن | E36: =SUMIFS(E3:E26,D3:D26,C36)
C37: أبو خالد (مساهمة) | E37: =E28
A39: ملاحظات:
A40: 1) الإجمالي 1,089,735.80 مطابق لمجموع البنود.
A41: 2) ⚠ البند 23 "دينة مندوب الرياض – عماد" 123,000 تاريخه 1-11-2025 وليس 2024 – يقع داخل فترة التشغيل، يلزم التأكد من التاريخ أو نقله.
A42: 3) ⚠ البنود 1 و 2 (98,770) مدفوعة عن طريق أبومازن، والبند 14 (35,000) دفعة لسليمان الخضيري بتوجيه منه بدون بيان للغرض.
A43: 4) البند 3 إيجار لمدة عامين (300,000) من 9-1-2024 – يغطي حتى يناير 2026 تقريباً، أي أن جزءاً منه يخص فترة التشغيل. وتقرير العهدة 2026 فيه إيجار مزرعة الرياض 150,000 بتاريخ 27-7-2026 (مدفوع من تبوك).
A44: 5) سيارات مشتراة: ايسوزو دينة 97,750 + ايسوزو غمارتين 85,400 + ونيت غمارتين 10,000 + دينة عماد 123,000 + صندوق براد 14,500 + تأمين 4,450.
A45: 6) إجمالي مصروفات التأسيس الفعلية 1,278,970.80 = كشف التأسيس 1,089,735.80 (أبو مازن/نسما) + مساهمة أبو خالد 189,235.

Sheet مصروفات قبل 30.7.2025
A1: مصروفات التشغيل – مزرعة الرياض (قبل 30-7-2025)
A2: م | B2: التاريخ | C2: البيان | D2: طريقة الدفع | E2: المبلغ | F2: ملاحظة
A3: 1 | B3: 45348 | C3: بيتموس من (شركة المدارات) | D3: بنك الرياض | E3: 4312.5
A4: 2 | B4: 45399 | C4: حساب إيجار براد في المزرعة | D4: بنك الرياض | E4: 7000
A5: 3 | B5: 45446 | C5: فاتورة كهرباء | D5: بنك الرياض | E5: 1123
A6: 4 | B6: 45449 | C6: شجر من جدة | D6: البنك السعودي | E6: 30300
A7: 5 | B7: 45486 | C7: سماد كمبوست من الصافي | D7: البنك السعودي | E7: 2800
A8: 6 | B8: 45488 | C8: بذور من الواحة | D8: البنك السعودي | E8: 51974
A9: 7 | B9: 45488 | C9: فاتورة كهرباء | D9: بنك الرياض | E9: 555
A10: 9 | B10: 45510 | C10: شجر أكاسيا وتبيسيا | D10: البنك السعودي | E10: 40000
A11: 10 | B11: 45510 | C11: مراكن 35 سم عدد 5000 | D11: البنك السعودي | E11: 14500
A12: 11 | B12: 45510 | C12: مراكن وصواني للزهور من التاج | D12: البنك السعودي | E12: 29038
A13: 12 | B13: 45510 | C13: بيتموس وبيرلايت من التكامل | D13: البنك السعودي | E13: 58995
A14: 13 | B14: 45510 | C14: فاتورة كهرباء | D14: بنك الرياض | E14: 677
... A23: 23 | B23: 45595 | C23: مراكن 9 سم من التاج | D23: البنك السعودي | E23: 23000
C24: فاتورة كهرباء | D24: بنك الرياض | E24: 2043.4 | F24: ⚠ بدون تاريخ
C25: فاتورة كهرباء | D25: بنك الرياض | E25: 4886.5 | F25: ⚠ بدون تاريخ
C26: فاتورة كهرباء | D26: بنك الرياض | E26: 2716.3 | F26: ⚠ بدون تاريخ
B27: 45636 | C27: فاتورة كهرباء | D27: البنك السعودي | E27: 4918.97
C28: الإجمالي | E28: =SUM(E3:E27)
A30: ملاحظات:
A31: 1) الإجمالي 412,040.67 مطابق لمجموع البنود.
A32: 2) ⚠ الترقيم ناقص البندين 8 و 17 – يلزم التأكد إن كانا محذوفين أو سقطا من الكشف.
A33: 3) ⚠ 3 فواتير كهرباء بدون تاريخ (2,043.40 و 4,886.50 و 2,716.30).
A34: 4) ⚠ الكشف يبدأ من 26-2-2024 بينما مبيعات ما قبل الفترة تبدأ من 1-10-2024 – منها 279,577.50 مصروفات قبل 1-10-2024 (فبراير–سبتمبر 2024).
A35: 5) لا توجد مصروفات مسجلة من 11-12-2024 حتى 30-6-2025 في هذا الكشف (مصروفات 2025 تبدأ من يونيو 2025 في شيت مصروفات 2025).
A37: مصروفات تم دفعها عن طريق م/ عادل أبو خالد (من المبيعات)
A38: م | B38: الفترة | C38: البيان | D38: طريقة الدفع | E38: المبلغ | F38: ملاحظة
A39: 1 | B39: 10-2024 إلى 12-2024 | C39: مصروفات دفعت من أبو خالد (من المبيعات) | D39: من المبيعات – م/ عادل | E39: 122748 | F39: إجمالي ربع سنوي بدون تفصيل بنود
A40: 2 | B40: 01-2025 إلى 03-2025 | C40: مصروفات دفعت من أبو خالد (من المبيعات) | D40: من المبيعات – م/ عادل | E40: 94298 | F40: إجمالي ربع سنوي بدون تفصيل بنود
A41: 3 | B41: 04-2025 إلى 06-2025 | C41: مصروفات دفعت من أبو خالد (من المبيعات) | D41: من المبيعات – م/ عادل | E41: 196190 | F41: إجمالي ربع سنوي بدون تفصيل بنود
C42: إجمالي المصروفات المدفوعة عن طريق م/ عادل | E42: =SUM(E39:E41)
A44: ملاحظات: الإجمالي 413,236.00 مطابق. هذه المصروفات دُفعت من حصيلة المبيعات مباشرة (مبيعات نفس الفترة 610,688.00 بشيت المبيعات) – بدون تفصيل بنود أو مستندات. تغطي الفترة من أكتوبر 2024 إلى يونيو 2025 التي لم يكن بها مصروفات مسجلة بعد 10-12-2024.

Sheet أوامر الشراء 2026
A1: م | B1: رقم أمر الشراء | C1: التاريخ | D1: المورد | E1: المرجع | F1: القيمة قبل الضريبة | G1: الضريبة | H1: الإجمالي بعد الضريبة | I1: حالة الاستلام | J1: حالة الدفع | K1: المديونية القائمة | L1: ملاحظة
A2: 1 | B2: PO-288 | C2: 46024 | D2: بساتين الرياض | E2: RN-711 | F2: 75005 | G2: 11250.75 | H2: 86255.75 | I2: لم يُسجل الاستلام | J2: مدفوع بالكامل | K2: 0 | L2: ⚠ سداد لمشتريات 2025 غير مدفوعة: PO711 + PO748 (بساتين الرياض – 2025) – لا يُحتسب كمصروف 2026 | حالة الاستلام "Not Issued" رغم أنه مدفوع بالكامل – لم يُسجل استلام بالنظام | ⚠ تاريخ الأمر (يناير 2026) لا يتناسب مع تسلسل الرقم (بين أوامر فبراير–مارس) – ربما سُجل بأثر رجعي
A3: 2 | B3: PO-287-REV1 | C3: 46025 | D3: بساتين الرياض | E3: RN-838 | F3: 53470 | G3: 8020.5 | H3: 61490.5 | I3: لم يُسجل الاستلام | J3: مدفوع بالكامل | K3: 0 | L3: ⚠ سداد لمشتريات 2025 غير مدفوعة: PO838 + PO876 (بساتين الرياض – 2025) – لا يُحتسب كمصروف 2026 | حالة الاستلام "Not Issued" رغم أنه مدفوع بالكامل – لم يُسجل استلام بالنظام | ⚠ تاريخ الأمر (يناير 2026) لا يتناسب مع تسلسل الرقم (بين أوامر فبراير–مارس) – ربما سُجل بأثر رجعي | أمر معدّل (REV1)
A4: 3 | B4: PO-9 | C4: 46025 | D4: شركة مصنع الديكور والبولستيرين | E4: RN-2 | F4: 4200 | G4: 630 | H4: 4830 | I4: لم يُسجل الاستلام | J4: مدفوع بالكامل | K4: 0 | L4: حالة الاستلام "Not Issued" رغم أنه مدفوع بالكامل – لم يُسجل استلام بالنظام | ⚠ نفس المورد ونفس القيمة في أمرين (المدارات 53,475: PO-267 في 19-2 و PO-309 في 3-3) – يلزم التأكد أنهما توريدان مختلفان
A5: 4 | B5: PO-296 | C5: 46027 | D5: مشتل الجودة المطلقة | E5: RN-877 | F5: 49550 | G5: 0 | H5: 49550 | I5: لم يُسجل الاستلام | J5: مدفوع بالكامل | K5: 0 | L5: ⚠ سداد لمشتريات 2025 غير مدفوعة: PO877 + PO878 (مشتل الجودة – 2025) – لا يُحتسب كمصروف 2026 | حالة الاستلام "Not Issued" رغم أنه مدفوع بالكامل – لم يُسجل استلام بالنظام | ⚠ تاريخ الأمر (يناير 2026) لا يتناسب مع تسلسل الرقم (بين أوامر فبراير–مارس) – ربما سُجل بأثر رجعي
A6: 5 | B6: PO-295 | C6: 46027 | D6: شركة غرس نجد | E6: RN-1606 | F6: 14515 | G6: 0 | H6: 14515 | I6: لم يُسجل الاستلام | J6: مدفوع بالكامل | K6: 0 | L6: ⚠ سداد لمشتريات 2025 غير مدفوعة: فاتورة غرس نجد 4-8-2025 – لا يُحتسب كمصروف 2026 | حالة الاستلام "Not Issued" رغم أنه مدفوع بالكامل – لم يُسجل استلام بالنظام | ⚠ تاريخ الأمر (يناير 2026) لا يتناسب مع تسلسل الرقم (بين أوامر فبراير–مارس) – ربما سُجل بأثر رجعي
A7: 6 | B7: PO-67 | C7: 46032 | D7: شركة مصنع الديكور والبولستيرين | E7: RN-3 | F7: 2100 | G7: 315 | H7: 2415 | I7: لم يُسجل الاستلام | J7: مدفوع بالكامل | K7: 0 | L7: حالة الاستلام "Not Issued" رغم أنه مدفوع بالكامل – لم يُسجل استلام بالنظام
A8: 7 | B8: PO-121 | C8: 46043 | D8: شركة مصنع الديكور والبولستيرين | E8: RN-5 | F8: 4200 | G8: 630 | H8: 4830 | I8: لم يُسجل الاستلام | J8: مدفوع بالكامل | K8: 0 | L8: حالة الاستلام "Not Issued" رغم أنه مدفوع بالكامل – لم يُسجل استلام بالنظام | ⚠ نفس المورد ونفس القيمة في أمرين (المدارات 53,475: PO-267 في 19-2 و PO-309 في 3-3) – يلزم التأكد أنهما توريدان مختلفان
A9: 8 | B9: PO-146 | C9: 46049 | D9: بساتين الرياض | E9: RN-8 | F9: 32750 | G9: 0 | H9: 32750 | I9: لم يُسجل الاستلام | J9: مدفوع بالكامل | K9: 0 | L9: حالة الاستلام "Not Issued" رغم أنه مدفوع بالكامل – لم يُسجل استلام بالنظام
A10: 9 | B10: PO-181 | C10: 46054 | D10: شركة مصنع الديكور والبولستيرين | E10: RN-158 | F10: 8148 | G10: 1222.2 | H10: 9370.2 | I10: لم يُسجل الاستلام | J10: مدفوع بالكامل | K10: 0 | L10: حالة الاستلام "Not Issued" رغم أنه مدفوع بالكامل – لم يُسجل استلام بالنظام
A11: 10 | B11: PO-210 | C11: 46060 | D11: مصتع قطاف للاسمدة (البقرة السودة ) | E11: RN-PR-191 | F11: 1739.13 | G11: 260.87 | H11: 2000 | I11: لم يُسجل الاستلام | J11: مدفوع بالكامل | K11: 0 | L11: حالة الاستلام "Not Issued" رغم أنه مدفوع بالكامل – لم يُسجل استلام بالنظام
A12: 11 | B12: PO-228-REV1 | C12: 46063 | D12: شركة مصنع الديكور والبولستيرين | E12: RN-PR#203 | F12: 8400 | G12: 1260 | H12: 9660 | I12: لم يُسجل الاستلام | J12: مدفوع بالكامل | K12: 0 | L12: حالة الاستلام "Not Issued" رغم أنه مدفوع بالكامل – لم يُسجل استلام بالنظام | ⚠ نفس المورد ونفس القيمة في أمرين (المدارات 53,475: PO-267 في 19-2 و PO-309 في 3-3) – يلزم التأكد أنهما توريدان مختلفان | أمر معدّل (REV1)
A13: 12 | B13: PO-267 | C13: 46072 | D13: المدارات | E13: RN-249 | F13: 46500 | G13: 6975 | H13: 53475 | I13: لم يُسجل الاستلام | J13: مدفوع بالكامل | K13: 0 | L13: حالة الاستلام "Not Issued" رغم أنه مدفوع بالكامل – لم يُسجل استلام بالنظام | ⚠ نفس المورد ونفس القيمة في أمرين (المدارات 53,475: PO-267 في 19-2 و PO-309 في 3-3) – يلزم التأكد أنهما توريدان مختلفان
... A28: 27 | B28: PO-585 | C28: 46147 | D28: موسسة دنيا الري للتجارة | E28: RN-520 | F28: 700 | G28: 0 | H28: 700 | I28: لم يُسجل الاستلام | J28: مدفوع بالكامل | K28: 0 | L28: حالة الاستلام "Not Issued" رغم أنه مدفوع بالكامل – لم يُسجل استلام بالنظام
A29: 28 | B29: PO-0707 | C29: 46181 | D29: بساتين الرياض | F29: 1500 | G29: 0 | H29: 1500 | I29: تم الاستلام بالكامل | J29: مدفوع بالكامل | K29: 0
A30: 29 | B30: PO-0706 | C30: 46181 | D30: شركة ايراد المتحدة | F30: 2754 | G30: 413.1 | H30: 3167.1 | I30: تم الاستلام بالكامل | J30: مدفوع بالكامل | K30: 0 | L30: تمت مراجعة سعر من الإدارة: 6/13/2026 1:42:33 PM by ahmed.strc@gmail.com] Cost updated for: FR1023 (Base: 270 Add: 0)
A31: 30 | B31: PO-0777 | C31: 46197 | D31: بساتين الرياض | F31: 66420 | G31: 0 | H31: 66420 | I31: تم الاستلام بالكامل | J31: مدفوع جزئياً | K31: 55420 | L31: مدفوع جزئياً: 11,000 (DIS-Riyadh-0012 في 1-7-2026) – المتبقي 55,420 | ⚠ مدفوع جزئياً – المبلغ المدفوع غير موضح بالملف، المديونية المعروضة = كامل القيمة لحين تحديد المدفوع | تمت مراجعة سعر من الإدارة: 6/27/2026 6:29:59 PM by ahmed.strc@gmail.com] Cost updated for: FR1028 (Base: 123 Add: 0)
A32: 31 | B32: PO-1023 | C32: 46231 | D32: بساتين الرياض | F32: 33950 | G32: 0 | H32: 33950 | I32: تم الاستلام بالكامل | J32: غير مدفوع | K32: =H32 | L32: ⚠ غير مدفوع – مديونية قائمة للمورد
D33: الإجمالي | F33: =SUM(F2:F32) | G33: =SUM(G2:G32) | H33: =SUM(H2:H32) | K33: =SUM(K2:K32)

Sheet العهد - التفصيل
A1: م | B1: صاحب العهدة | C1: التاريخ | D1: البيان | E1: المستفيد / السيارة | F1: البند | G1: المبلغ | H1: داخل الفترة | I1: ملاحظة
A2: 1 | B2: حسين مصطفى – مستودع الرياض | C2: 46064 | D2: بنزين س الوانيت رقم 5564 + غيار زيت | E2: VHC-5564 | F2: وقود (ديزل/بنزين) | G2: 345 | H2: نعم
A3: 2 | B3: حسين مصطفى – مستودع الرياض | C3: 46064 | D3: غيار زيت وفالتر وغسيل وتشحيم س عماد رقم 3010 | E3: VHC-3010 | F3: صيانة سيارات | G3: 990 | H3: نعم
A4: 3 | B4: حسين مصطفى – مستودع الرياض | C4: 46064 | D4: سوالر س عصمت رقم 1219 + غيار +زيت صيانة السيارة | E4: VHC-1219 | F4: صيانة سيارات | G4: 1599.24 | H4: نعم
A5: 4 | B5: حسين مصطفى – مستودع الرياض | C5: 46064 | D5: كهرباء مزرعة الرياض عن شهر 2026-1 | E5: EXP.RN.NURSERY | F5: خدمات ومرافق (كهرباء/مياه/إنترنت/إنشاءات) | G5: 2633 | H5: نعم
A6: 5 | B6: حسين مصطفى – مستودع الرياض | C6: 46064 | D6: انتقال عماد من الرياض الي تبوك | E6: VHC-3010 | F6: رواتب وعمولات وانتقالات | G6: 460 | H6: نعم
A7: 6 | B7: حسين مصطفى – مستودع الرياض | C7: 46064 | D7: عصمت الله عمولة)72( عصمت عن شهر 2025-12 + صيانة +السيارة غسيل | E7: عصمتRN الله #72 | F7: رواتب وعمولات وانتقالات | G7: 925 | H7: نعم
A8: 7 | B8: حسين مصطفى – مستودع الرياض | C8: 46064 | D8: عماد حمدى عمولة)24( عماد حمدي عن شهر 2025-12 + الردود | E8: عمادRN حمدى #24 | F8: رواتب وعمولات وانتقالات | G8: 711 | H8: نعم
A9: 8 | B9: حسين مصطفى – مستودع الرياض | C9: 46064 | D9: عماد حمدى شحن)24( الت جو - حسين ومحمد عبدالمجيد وعصمت وعماد | E9: عمادRN حمدى #24 | F9: رواتب وعمولات وانتقالات | G9: 408.25 | H9: نعم
A10: 9 | B10: حسين مصطفى – مستودع الرياض | C10: 46064 | D10: نولون نقلة سماد معالج | E10: EXP.RN.NURSERY | F10: مصروفات تشغيل المزرعة | G10: 400 | H10: نعم
A11: 10 | B11: حسين مصطفى – مستودع الرياض | C11: 46064 | D11: مياه للشرب - 3 نقلة | E11: RN-DEPARTMENT | F11: خدمات ومرافق (كهرباء/مياه/إنترنت/إنشاءات) | G11: 210 | H11: نعم
A12: 11 | B12: حسين مصطفى – مستودع الرياض | C12: 46064 | D12: مصنعية تركيب سباكة وكهرباء للمطبخ والحمام | E12: EXP.RN.NURSERY | F12: خدمات ومرافق (كهرباء/مياه/إنترنت/إنشاءات) | G12: 600 | H12: نعم
A13: 12 | B13: حسين مصطفى – مستودع الرياض | C13: 46064 | D13: مصنعية بناء مطبخ وحمام وصرف ومحارة | E13: EXP.RN.NURSERY | F13: خدمات ومرافق (كهرباء/مياه/إنترنت/إنشاءات) | G13: 1190 | H13: نعم
... A42: 41 | B42: حسين مصطفى – مستودع الرياض | C42: 46118 | D42: شراء 2 لفة شكرتون | E42: RN-DEPARTMENT | F42: خدمات ومرافق (كهرباء/مياه/إنترنت/إنشاءات) | G42: 50 | H42: نعم
A43: 42 | B43: حسين مصطفى – مستودع الرياض | C43: 46121 | D43: شحن الت جو ونت شحن واي فاي - النت 6 شهور | F43: خدمات ومرافق (كهرباء/مياه/إنترنت/إنشاءات) | G43: 750 | H43: نعم
A44: 43 | B44: حسين مصطفى – مستودع الرياض | C44: 46121 | D44: شراء ورق طباعة وفايل | E44: RN-DEPARTMENT | F44: خدمات ومرافق (كهرباء/مياه/إنترنت/إنشاءات) | G44: 46.17 | H44: نعم
A45: 44 | B45: حسين مصطفى – مستودع الرياض | C45: 46121 | D45: غيار زيت وفلتر س عماد | E45: VHC-3010 | F45: صيانة سيارات | G45: 280 | H45: نعم
A46: 45 | B46: حسين مصطفى – مستودع الرياض | C46: 46123 | D46: سوالر س - عماد | E46: VHC-3010 | F46: وقود (ديزل/بنزين) | G46: 150.02 | H46: نعم
A47: 46 | B47: حسين مصطفى – مستودع الرياض | C47: 46125 | D47: سوالر س - عماد | E47: VHC-3010 | F47: وقود (ديزل/بنزين) | G47: 150.01 | H47: نعم
A48: 47 | B48: حسين مصطفى – مستودع الرياض | C48: 46126 | D48: سوالر س - عصمت | E48: VHC-1219 | F48: وقود (ديزل/بنزين) | G48: 150.01 | H48: نعم
A49: 48 | B49: حسين مصطفى – مستودع الرياض | C49: 46126 | D49: ترصيص س عصمت | E49: VHC-1219 | F49: صيانة سيارات | G49: 150.01 | H49: نعم
A50: 49 | B50: حسين مصطفى – مستودع الرياض | C50: 46127 | D50: سوالر س - عماد | E50: VHC-3010 | F50: وقود (ديزل/بنزين) | G50: 150.01 | H50: نعم
A51: 50 | B51: حسين مصطفى – مستودع الرياض | C51: 46129 | D51: شراء غراء سباكة | E51: EXP.RN.NURSERY | F51: خدمات ومرافق (كهرباء/مياه/إنترنت/إنشاءات) | G51: 45 | H51: نعم
A52: 51 | B52: حسين مصطفى – مستودع الرياض | C52: 46129 | D52: غسيل س عصمت | E52: VHC-1219 | F52: صيانة سيارات | G52: 60 | H52: نعم
A53: 52 | B53: حسين مصطفى – مستودع الرياض | C53: 46129 | D53: غيار زيت وفلتر س عماد | E53: VHC-3010 | F53: صيانة سيارات | G53: 280 | H53: نعم
A54: 53 | B54: حسين مصطفى – مستودع الرياض | C54: 46129 | D54: غسيل وتشحيم س عماد + اصالح ماكينة رش المزرعة MOSTAFA HUSSEIN | E54: VHC-3010 | F54: صيانة سيارات | G54: 250 | H54: نعم
A55: 54 | B55: حسين مصطفى – مستودع الرياض | C55: 46129 | D55: سوالر س عصمت | E55: VHC-1219 | F55: وقود (ديزل/بنزين) | G55: 200 | H55: نعم
... A148: 147 | B148: إسماعيل جان حبيب – سيارة 3010 | C148: 46233 | D148: سوالر س - اسماعيل | E148: VHC-3010 | F148: وقود (ديزل/بنزين) | G148: 100.01 | H148: نعم
A149: 148 | B149: إسماعيل جان حبيب – سيارة 3010 | C149: 46236 | D149: سوالر س اسماعيل | E149: VHC-3010 | F149: وقود (ديزل/بنزين) | G149: 100 | H149: لا | I149: بعد 31-7-2026 – خارج الفترة
A150: 149 | B150: إسماعيل جان حبيب – سيارة 3010 | C150: 46236 | D150: غيار زيت وفلتر وتشحيم س اسماعيل | E150: VHC-3010 | F150: صيانة سيارات | G150: 300 | H150: لا | I150: بعد 31-7-2026 – خارج الفترة
A151: 150 | B151: عظمت الله خان – سيارة 1219 | C151: 46236 | D151: غيار زيت وفالتر للسيارة | E151: VHC-1219 | F151: صيانة سيارات | G151: 245 | H151: لا | I151: بعد 31-7-2026 – خارج الفترة
A152: 151 | B152: عظمت الله خان – سيارة 1219 | C152: 46236 | D152: سوالر س - عصمت 1219 | E152: VHC-1219 | F152: وقود (ديزل/بنزين) | G152: 200 | H152: لا | I152: بعد 31-7-2026 – خارج الفترة
A153: 152 | B153: حسين مصطفى – مستودع الرياض | C153: 46238 | D153: إسماعيل محمد مصروفات)61( السائق إسماعيل توصيل طلبية نجران - توجيه من أبوخالد | E153: إسماعيلRN محمد #61 | F153: رواتب وعمولات وانتقالات | G153: 100 | H153: لا | I153: بعد 31-7-2026 – خارج الفترة
A154: 153 | B154: حسين مصطفى – مستودع الرياض | C154: 46238 | D154: SUPPLIES COFFEE & مياهTEA للشرب للعمال | F154: خدمات ومرافق (كهرباء/مياه/إنترنت/إنشاءات) | G154: 70 | H154: لا | I154: بعد 31-7-2026 – خارج الفترة
A155: 154 | B155: حسين مصطفى – مستودع الرياض | C155: 46238 | D155: شراء 3 لفة خيط لتربيط الشجار | E155: RN-DEPARTMENT | F155: مصروفات تشغيل المزرعة | G155: 150 | H155: لا | I155: بعد 31-7-2026 – خارج الفترة
A156: 155 | B156: حسين مصطفى – مستودع الرياض | C156: 46238 | D156: SUPPLIES شراءCLEANING سم فئران | F156: خدمات ومرافق (كهرباء/مياه/إنترنت/إنشاءات) | G156: 20 | H156: لا | I156: بعد 31-7-2026 – خارج الفترة
A157: 156 | B157: حسين مصطفى – مستودع الرياض | C157: 46238 | D157: شراء خالط دش وخالط وضوء للعمال | E157: EQUIP. & DEVICE MAINTENANCE | F157: خدمات ومرافق (كهرباء/مياه/إنترنت/إنشاءات) | G157: 184 | H157: لا | I157: بعد 31-7-2026 – خارج الفترة
A158: 157 | B158: حسين مصطفى – مستودع الرياض | C158: 46238 | D158: شراء مقصات للشجر | E158: RN-DEPARTMENT | F158: مصروفات تشغيل المزرعة | G158: 45 | H158: لا | I158: بعد 31-7-2026 – خارج الفترة
A159: 158 | B159: حسين مصطفى – مستودع الرياض | C159: 46238 | D159: شراء شطرطون ومفكات | E159: RN-DEPARTMENT | F159: مصروفات تشغيل المزرعة | G159: 46 | H159: لا | I159: بعد 31-7-2026 – خارج الفترة
A160: 159 | B160: حسين مصطفى – مستودع الرياض | C160: 46238 | D160: شراء مسدس رش مياه وسيلكون | E160: RN-DEPARTMENT | F160: مصروفات تشغيل المزرعة | G160: 40 | H160: لا | I160: بعد 31-7-2026 – خارج الفترة
A161: 160 | B161: حسين مصطفى – مستودع الرياض | C161: 46238 | D161: شراء مسدس سيلكون | E161: EQUIP. & DEVICE MAINTENANCE | F161: خدمات ومرافق (كهرباء/مياه/إنترنت/إنشاءات) | G161: 20 | H161: لا | I161: بعد 31-7-2026 – خارج الفترة
A162: 161 | B162: حسين مصطفى – مستودع الرياض | C162: 46238 | D162: شراء علبة زيت فرامل و علبة دريكسيون للوانيت | E162: VHC-5564 | F162: صيانة سيارات | G162: 20 | H162: لا | I162: بعد 31-7-2026 – خارج الفترة
A163: 162 | B163: حسين مصطفى – مستودع الرياض | C163: 46238 | D163: غيار زيت وفلتر للوانيت | E163: VHC-5564 | F163: صيانة سيارات | G163: 230 | H163: لا | I163: بعد 31-7-2026 – خارج الفترة
A164: 163 | B164: حسين مصطفى – مستودع الرياض | C164: 46238 | D164: SUPPLIES COFFEE & مياهTEA للشرب للعمال | F164: خدمات ومرافق (كهرباء/مياه/إنترنت/إنشاءات) | G164: 70 | H164: لا | I164: بعد 31-7-2026 – خارج الفترة
A165: 164 | B165: حسين مصطفى – مستودع الرياض | C165: 46238 | D165: شراء مسمامير وسيلكون للمزرعة | E165: RN-DEPARTMENT | F165: مصروفات تشغيل المزرعة | G165: 90 | H165: لا | I165: بعد 31-7-2026 – خارج الفترة
A166: 165 | B166: حسين مصطفى – مستودع الرياض | C166: 46238 | D166: SUPPLIES شفطCLEANING الصرف الصحي بالمزرعة T N E I P I C E R D E M A N E H T R O F Y L E L O S D E D N E T N I D N A L A I T N E D I F N O C S I T N E M U C O D S I H T 0551019506 | SABOUR ABDEL AHMED ENG. 18:06 2026, Aug 09 Generated: v10.0 ERP Unified NSC | F166: خدمات ومرافق (كهرباء/مياه/إنترنت/إنشاءات) | G166: 300 | H166: لا | I166: بعد 31-7-2026 – خارج الفترة
A167: 166 | B167: حسين مصطفى – مستودع الرياض | C167: 46238 | D167: شراء اكواع سباكة ولفة احبال ونبل نحاس | E167: EQUIP. & DEVICE MAINTENANCE | F167: خدمات ومرافق (كهرباء/مياه/إنترنت/إنشاءات) | G167: 75 | H167: لا | I167: بعد 31-7-2026 – خارج الفترة
A168: 167 | B168: حسين مصطفى – مستودع الرياض | C168: 46238 | D168: بنزين للسيارة الوانيت | E168: VHC-5564 | F168: وقود (ديزل/بنزين) | G168: 139.74 | H168: لا | I168: بعد 31-7-2026 – خارج الفترة
A169: 168 | B169: حسين مصطفى – مستودع الرياض | C169: 46238 | D169: عمل كفر السيارة الوانيت | E169: VHC-5564 | F169: صيانة سيارات | G169: 40 | H169: لا | I169: بعد 31-7-2026 – خارج الفترة
A170: 169 | B170: حسين مصطفى – مستودع الرياض | C170: 46238 | D170: اصالح مواتير مراوح وخزانات المزرعة | E170: EQUIP. & DEVICE MAINTENANCE | F170: خدمات ومرافق (كهرباء/مياه/إنترنت/إنشاءات) | G170: 900 | H170: لا | I170: بعد 31-7-2026 – خارج الفترة
A171: 170 | B171: حسين مصطفى – مستودع الرياض | C171: 46238 | D171: شراء سلك تربيط | E171: RN-DEPARTMENT | F171: مصروفات تشغيل المزرعة | G171: 40.25 | H171: لا | I171: بعد 31-7-2026 – خارج الفترة
A172: 171 | B172: حسين مصطفى – مستودع الرياض | C172: 46238 | D172: SUPPLIES COFFEE & مياهTEA للشرب للعمال | F172: خدمات ومرافق (كهرباء/مياه/إنترنت/إنشاءات) | G172: 70 | H172: لا | I172: بعد 31-7-2026 – خارج الفترة
A173: 172 | B173: حسين مصطفى – مستودع الرياض | C173: 46238 | D173: B82 - شراء سيور للمراوح | E173: EQUIP. & DEVICE MAINTENANCE | F173: خدمات ومرافق (كهرباء/مياه/إنترنت/إنشاءات) | G173: 126.01 | H173: لا | I173: بعد 31-7-2026 – خارج الفترة
A174: 173 | B174: حسين مصطفى – مستودع الرياض | C174: 46238 | D174: قيمةNS-DEPARTMENT اجرة سيارة لتوصيل اوراق الشئون للرياض يوم 2026-7-1 | F174: نقل خارجي | G174: 280 | H174: لا | I174: بعد 31-7-2026 – خارج الفترة
A175: 174 | B175: إسماعيل جان حبيب – سيارة 3010 | C175: 46240 | D175: سوالر س اسماعيل يوم 2026-8-3 | E175: VHC-3010 | F175: وقود (ديزل/بنزين) | G175: 150 | H175: لا | I175: بعد 31-7-2026 – خارج الفترة
A176: 175 | B176: إسماعيل جان حبيب – سيارة 3010 | C176: 46240 | D176: سوالر اسماعيل يوم 2026-8-6 | E176: VHC-3010 | F176: وقود (ديزل/بنزين) | G176: 200 | H176: لا | I176: بعد 31-7-2026 – خارج الفترة
A177: 176 | B177: حسين مصطفى – مستودع الرياض | C177: 46240 | D177: شراء مبيدات الشجار والحشائش يوم 2026-8-3 | E177: RN-DEPARTMENT | F177: مصروفات تشغيل المزرعة | G177: 405 | H177: لا | I177: بعد 31-7-2026 – خارج الفترة
A178: 177 | B178: حسين مصطفى – مستودع الرياض | C178: 46242 | D178: بنزين للوانيت 5564 - يوم 2026-8-7 | E178: VHC-5564 | F178: وقود (ديزل/بنزين) | G178: 60.02 | H178: لا | I178: بعد 31-7-2026 – خارج الفترة
A179: 178 | B179: عظمت الله خان – سيارة 1219 | C179: 46242 | D179: سوالر س - عصمت يوم 2026-8-8 | E179: VHC-1219 | F179: وقود (ديزل/بنزين) | G179: 250 | H179: لا | I179: بعد 31-7-2026 – خارج الفترة
D180: الإجمالي | G180: =SUM(G2:G179)

Sheet العهد - الملخص
A1: صاحب العهدة | B1: المنصرف له (إجمالي العهدة) | C1: المسوّى بمستندات | D1: الرصيد المتبقي بدون تسوية | E1: منها داخل الفترة حتى 31-7 | F1: منها بعد 31-7
A2: حسين مصطفى – مستودع الرياض | B2: 46018.39 | C2: 45136.41 | D2: 881.98 | E2: 41615.39 | F2: 3521.02
A3: إسماعيل جان حبيب – سيارة 3010 | B3: 2153 | C3: 2003.05 | D3: 149.95 | E3: 1253.05 | F3: 750
A4: عظمت الله خان – سيارة 1219 | B4: 2500 | C4: 1988.02 | D4: 511.98 | E4: 1293.02 | F4: 695
A5: عماد حمدي – سيارة 3010 | B5: 690 | C5: 690 | D5: 0 | E5: 690 | F5: 0
A6: الإجمالي | B6: =SUM(B2:B5) | C6: =SUM(C2:C5) | D6: =SUM(D2:D5) | E6: =SUM(E2:E5) | F6: =SUM(F2:F5)
A8: المصروفات حسب البند (داخل الفترة حتى 31-7-2026)
A9: البند | B9: المبلغ | C9: عدد الحركات
A10: وقود (ديزل/بنزين) | B10: 13997.32 | C10: 64
A11: صيانة سيارات | B11: 13421.86 | C11: 39
A12: خدمات ومرافق (كهرباء/مياه/إنترنت/إنشاءات) | B12: 11253.65 | C12: 23
A13: مصروفات تشغيل المزرعة | B13: 3674.38 | C13: 17
A14: رواتب وعمولات وانتقالات | B14: 2504.25 | C14: 4
A15: الإجمالي | B15: =SUM(B10:B14) | C15: =SUM(C10:C14)
A17: المصروفات حسب السيارة / المستفيد (داخل الفترة)
A18: المستفيد | B18: المبلغ | C18: عدد الحركات
A19: سيارة 3010 (عماد) | B19: 14033.16 | C19: 52
A20: مصروفات المزرعة | B20: 11747.11 | C20: 22
A21: سيارة 1219 (عصمت) | B21: 11176.31 | C21: 42
A22: أفراد (عمولات/انتقالات) | B22: 2794.25 | C22: 4
A23: سيارة 5564 (الوانيت) | B23: 2669.71 | C23: 10
A24: قسم مزرعة الرياض | B24: 2430.92 | C24: 17
A25: الإجمالي | B25: =SUM(B19:B24) | C25: =SUM(C19:C24)

Sheet ميزان الخزنة
A1: ميزان خزنة مزرعة الرياض (الكشف القديم 1-11-2025 إلى 3-6-2026) قبل وبعد حذف عمليات الجزيرة
A3: البند | B3: قبل الحذف | C3: عمليات الجزيرة المحذوفة | D3: بعد الحذف | E3: ملاحظة
A4: المقبوضات: توريدات عصمت (5001) | B4: 491714.93 | C4: 0 | D4: =B4+C4
A5: المقبوضات: توريدات عماد (5002) | B5: 228618 | C5: 0 | D5: =B5+C5
A6: المقبوضات: توريدات وسدادات أبو خالد (5000) | B6: 763323.81 | C6: -199353 | D6: =B6+C6 | E6: حُذف: زهور الجزيرة 196,225 + فلين الجزيرة 3,128 (وارد من أبو خالد)
A7: المدفوعات: مصروفات الخزنة | B7: -1440387.2 | C7: 199353 | D7: =B7+C7 | E7: حُذف: نفس المبلغين كمصروف (صرف للجزيرة)
A8: المدفوعات: مبلغ مسدد نقداً لأبو خالد (18-5-2026) | B8: -2000 | C8: 0 | D8: =B8+C8
A9: رصيد الخزنة في 3-6-2026 | B9: =SUM(B4:B8) | C9: =SUM(C4:C8) | D9: =SUM(D4:D8) | E9: ✓ الرصيد لم يتغير – العمليتان متقابلتان
A10: الرصيد الافتتاحي لخزنة النظام الجديد (تقرير REP-568910) | B10: 41269 | D10: 41269
A11: الفرق | B11: =B9-B10 | D11: =D9-D10 | E11: فرق 0.50 ريال فقط (كسور)
A13: النتيجة: رصيد الخزنة القديمة في 3-6-2026 = 41,269.50 ويطابق الرصيد الافتتاحي للنظام الجديد 41,269.00 (فرق 0.50). حذف عمليات الجزيرة (وارد 199,353 من أبو خالد ومصروف 199,353 للجزيرة) لا يغيّر الرصيد.

Sheet مصروفات الخزنة (كشف الحساب)
A1: م | B1: التاريخ | C1: رقم المستند | D1: الحساب | E1: البيان | F1: المبلغ | G1: التصنيف | H1: مرتبط بمستند آخر (احتمال تكرار) | I1: ملاحظة
A2: 1 | B2: 45963 | C2: 1090 | D2: مصروف | E2: سداد بضاعة وارد | F2: 7020.26 | G2: نباتات وبذور (وارد)
A3: 2 | B3: 45964 | C3: 1094 | D3: مصروف | E3: قيمة بضاعة وارد | F3: 6700 | G3: نباتات وبذور (وارد) | H3: HETA NURSERYS 2025-11-03
A4: 3 | B4: 45965 | C4: 35419 | D4: مصروف | E4: فاتورة بنزين | F4: 70 | G4: وقود | H4: الوقود 2025-12-30، الوقود 2025-11-04، الوقود 2025-07-22
A5: 4 | B5: 45965 | C5: 10 | D5: مصروف | E5: سداد 2 نقلة فلين | F5: 4520 | G5: مستلزمات إنتاج (فلين)
A6: 5 | B6: 45967 | C6: 11 | D6: مصروف | E6: قيمة شراء حديد وسنجرال | F6: 4455.1 | G6: مصروفات تشغيل متنوعة | H6: شركة ايراد المتحدة ا 2025-11-06
A7: 6 | B7: 45969 | C7: 12 | D7: مصروف | E7: قيمة شراء ورق طباعة واقلام | F7: 43.95 | G7: مصروفات تشغيل متنوعة | H7: اللوازم المكتبية 2025-11-08
A8: 7 | B8: 45969 | D8: مصروف | E8: شحن جوال عصمت | F8: 115 | G8: اتصالات | H8: هاتف الموبايل 2025-12-17، هاتف الموبايل 2025-12-04، هاتف الموبايل 2025-11-22
A9: 8 | B9: 45969 | C9: 1594 | D9: مصروف | E9: شراء أدوات لاستخدام للمزرعة | F9: 282.9 | G9: مصروفات تشغيل متنوعة | H9: شركة موفق للمقاولات 2025-11-08
A10: 9 | B10: 45969 | C10: 12712 | D10: مصروف | E10: شراء أغراض كهرباء وسباكة | F10: 607.2 | G10: كهرباء وخدمات | H10: مؤسسة المحترف الامثل 2025-11-08
A11: 10 | B11: 45970 | C11: 45 | D11: مصروف | E11: سداد قيمة بضاعة وارد من ابوخالد | F11: 11160 | G11: نباتات وبذور (وارد) | H11: HETA NURSERYS 2025-11-09
A12: 11 | B12: 45970 | C12: 46 | D12: مصروف | E12: سداد قيمة بضاعة وارد من ابوخالد | F12: 23675 | G12: نباتات وبذور (وارد) | H12: HETA NURSERYS 2025-11-09
A13: 12 | B13: 45970 | C13: 47 | D13: مصروف | E13: سداد قيمة بضاعة وارد من مصر | F13: 40378.8 | G13: نباتات وبذور (وارد) | H13: الشركة المصرية الالم 2025-11-09
A14: 13 | B14: 45971 | C14: 13 | D14: مصروف | E14: سداد قيمة 2 نقلة فلين | F14: 4520 | G14: مستلزمات إنتاج (فلين)
A15: 14 | B15: 45972 | C15: 2014 | D15: مصروف | E15: قيمة سداد فاتورة مراكن12 | F15: 8160 | G15: مستلزمات إنتاج (مراكن) | H15: شركة امجاد الخليج 2025-10-09
A16: 15 | B16: 45973 | C16: 3042 | D16: مصروف | E16: غسيل وتشحيم للسيلرة | F16: 120 | G16: صيانة سيارات | H16: هاتف الموبايل 2025-12-30، محطة المجمع لخدمات ا 2025-11-12، موسسة بيت الوسيط لتج 2025-08-20
A17: 16 | B17: 45973 | C17: 233569 | D17: مصروف | E17: أغراض صيانة للسيارة | F17: 354.89 | G17: مصروفات تشغيل متنوعة | H17: شركة اليمنى للسيارات 2025-11-12
A18: 17 | B18: 45973 | C18: 261581 | D18: مصروف | E18: أغراض صيانة للسيارة | F18: 28.83 | G18: مصروفات تشغيل متنوعة | H18: شركة اليمنى للسيارات 2025-11-12
A19: 18 | B19: 45974 | C19: 14 | D19: مصروف – رواتب | E19: مرتبات شهر 10-2025 | F19: 37880 | G19: رواتب | H19: رواتب 2025-11-13
A20: 19 | B20: 45974 | C20: 15 | D20: مصروف | E20: سداد قيمة 2 نقلة فلين | F20: 5120 | G20: مستلزمات إنتاج (فلين)
A21: 20 | B21: 45977 | C21: 16 | D21: مصروف | E21: عمولة عصمت شهر 10-2025 | F21: 1335 | G21: رواتب وعمولات | H21: العمولة 2025-11-16
A22: 21 | B22: 45978 | C22: 17 | D22: مصروف | E22: سداد قيمة 1 نقلة فلين | F22: 2260 | G22: مستلزمات إنتاج (فلين)
A23: 22 | B23: 45978 | C23: 761 | D23: مصروف | E23: نقلة مياه | F23: 60 | G23: كهرباء وخدمات | H23: مغلسة تركي مبلش رشيد 2025-12-27، ينابع المئويه لتحلية 2025-12-20، مركز الخرج سابقا للا 2025-12-09
A24: 23 | B24: 45978 | C24: 55 | D24: مصروف | E24: سداد قيمة مراكن بيد ابوخالد | F24: 13000 | G24: مستلزمات إنتاج (مراكن) | H24: ورشة الرحالة لصيانة 2025-12-17، شركة التاج المميزة ا 2025-11-17
A25: 24 | B25: 45981 | C25: 18 | D25: مصروف | E25: سداد قيمة 1 نقلة فلين | F25: 2260 | G25: مستلزمات إنتاج (فلين)
A26: 25 | B26: 45981 | C26: 13462 | D26: مصروف | E26: فاتورة أغراض سباكة | F26: 51.75 | G26: مصروفات تشغيل متنوعة | H26: مؤسسة المحترف الامثل 2025-11-20
A27: 26 | B27: 45981 | C27: 19 | D27: مصروف | E27: فاتورة صيانة الكمبيوتر | F27: 200 | G27: مصروفات تشغيل متنوعة | H27: اللوازم المكتبية 2025-11-20، الوقود 2025-07-10، الوقود 2025-07-17
A28: 27 | B28: 45983 | C28: 20 | D28: مصروف | E28: سداد قيمة 1 نقلة فلين | F28: 2260 | G28: مستلزمات إنتاج (فلين)
A29: 28 | B29: 45983 | C29: 21 | D29: مصروف | E29: شحن جوال م - محمد | F29: 115 | G29: اتصالات | H29: هاتف الموبايل 2025-12-17، هاتف الموبايل 2025-12-04، هاتف الموبايل 2025-11-22
A30: 29 | B30: 45984 | C30: 22 | D30: مصروف | E30: سداد قيمة 1 نقلة فلين | F30: 2260 | G30: مستلزمات إنتاج (فلين)
A31: 30 | B31: 45984 | C31: 350 | D31: مصروف | E31: شراء أغراض للمطبخ والحمام | F31: 700 | G31: مصروفات تشغيل متنوعة | H31: PO-585، مؤسسة محمد عبدالله ل 2025-11-23
A32: 31 | B32: 45984 | C32: 7349 | D32: مصروف | E32: شراء كفر للعربة وكالون | F32: 100 | G32: صيانة سيارات | H32: الوقود 2025-12-04، عائشة لادوات السباكة 2025-11-23، ورشة اليسر الراجح لل 2025-09-20
A33: 32 | B33: 45985 | C33: 23 | D33: مصروف | E33: سداد قيمة مراكن 12 | F33: 7500 | G33: مستلزمات إنتاج (مراكن) | H33: شركة التاج المميزة ا 2025-11-24
A34: 33 | B34: 45985 | C34: 24 | D34: مصروف | F34: 1040 | G34: مصروفات تشغيل متنوعة | H34: مؤسسة بساتين الرياض 2025-11-24
A35: 34 | B35: 45987 | C35: 25 | D35: مصروف | E35: قيمة فاتورة بنزين | F35: 175 | G35: وقود | H35: الوقود 2025-11-26
A36: 35 | B36: 45987 | C36: 26 | D36: مصروف | E36: فاتورة شراء أغراض معيشة | F36: 227 | G36: مصروفات تشغيل متنوعة | H36: هايبر ماركت لولو 2025-11-26
A37: 36 | B37: 45989 | C37: 15747 | D37: مصروف | E37: فاتورة غيار زيت س عماد | F37: 170 | G37: صيانة سيارات | H37: الوقود 2025-11-28، ورشة زهرة الجنادل 2025-10-02، ورشة زهرة الجنادل 2025-10-06
A38: 37 | B38: 45989 | C38: 42 | D38: مصروف | E38: فاتورة غيار زيت وفلاتر للوانيت | F38: 305 | G38: صيانة سيارات | H38: مؤسسة هيلاء عبيد الد 2025-11-28
A39: 38 | B39: 45989 | C39: 40 | D39: مصروف | E39: فاتورة غيار زيت وفلاتر س عصمت | F39: 285 | G39: صيانة سيارات | H39: مؤسسة هيلاء عبيد الد 2025-11-28
A40: 39 | B40: 45989 | C40: 27 | D40: مصروف | E40: صيانة كهرباء عصمت وغسيل س عماد | F40: 250 | G40: كهرباء وخدمات | H40: صيانة 2025-11-28، الوقود 2025-08-28، الوقود 2025-09-13
A41: 40 | B41: 45990 | C41: 28 | D41: مصروف | E41: سداد قيمة 1 نقلة فلين | F41: 2415 | G41: مستلزمات إنتاج (فلين) | H41: PO-67، شركة مصنع الديكور وا 2025-12-11، شركة مصنع الديكور وا 2025-12-10
A42: 41 | B42: 45990 | C42: 3278 | D42: مصروف | F42: 780.25 | G42: مصروفات تشغيل متنوعة | H42: مؤسسة رواد سلام للتج 2025-11-29
A43: 42 | B43: 45991 | C43: 29 | D43: مصروف | E43: قيمة فاتورة كهرباء شهر 11 | F43: 5078.05 | G43: كهرباء وخدمات
A44: 43 | B44: 45992 | C44: 419 | D44: مصروف | E44: فاتورة شراء مبيد | F44: 1250 | G44: مواد زراعية | H44: شركة الرشيم الزراعية 2025-12-01
A45: 44 | B45: 45992 | C45: 620 | D45: مصروف | E45: عمل كفر الوانيت | F45: 15 | G45: صيانة سيارات | H45: صيانة 2025-12-01، محطة المجمع لخدمات ا 2025-07-02
A46: 45 | B46: 45992 | C46: 30 | D46: مصروف | E46: سداد قيمة 1 نقلة فلين | F46: 2415 | G46: مستلزمات إنتاج (فلين) | H46: PO-67، شركة مصنع الديكور وا 2025-12-11، شركة مصنع الديكور وا 2025-12-10
A47: 46 | B47: 45993 | C47: 31 | D47: مصروف | E47: قيمة شحن جوال حسين | F47: 80 | G47: اتصالات | H47: هاتف الموبايل 2025-12-02
A48: 47 | B48: 45994 | C48: 32 | D48: مصروف | E48: قيمة فاتورة مياه للشرب | F48: 60 | G48: كهرباء وخدمات | H48: مغلسة تركي مبلش رشيد 2025-12-27، ينابع المئويه لتحلية 2025-12-20، مركز الخرج سابقا للا 2025-12-09
A49: 48 | B49: 45995 | C49: 33 | D49: مصروف – رواتب | E49: مرتبات شهر 11-2025 | F49: 38365 | G49: رواتب | H49: رواتب 2025-12-04
A50: 49 | B50: 45996 | C50: 34 | D50: مصروف | E50: قيمة فاتورة شحن عصمت | F50: 115 | G50: مصروفات تشغيل متنوعة | H50: هاتف الموبايل 2025-12-17، هاتف الموبايل 2025-12-04، هاتف الموبايل 2025-11-22
A51: 50 | B51: 45996 | C51: 35 | D51: مصروف | E51: فاتورة ديزل س عصمت | F51: 100 | G51: وقود | H51: الوقود 2025-12-04، عائشة لادوات السباكة 2025-11-23، ورشة اليسر الراجح لل 2025-09-20
A52: 51 | B52: 45997 | C52: 36 | D52: مصروف | E52: سداد فاتورة وارد زهور - م عادل | F52: 6600 | G52: نباتات وبذور | H52: HETA NURSERYS 2025-12-06
A53: 52 | B53: 45999 | C53: 6393 | D53: مصروف | E53: شراء ماكينة لحام وأدوات زراعة | F53: 316 | G53: مصروفات تشغيل متنوعة | H53: موسسسة افاق الاليه ل 2025-12-08
A54: 53 | B54: 46000 | C54: 1042 | D54: مصروف | E54: شراء رمل واسمنت للمطبخ | F54: 410 | G54: مصروفات تشغيل متنوعة | H54: مبسط العجفة لمواد ال 2025-12-09
A55: 54 | B55: 46000 | C55: 4641 | D55: مصروف | E55: شراء شعلة جديدة للعمال | F55: 60 | G55: مصروفات تشغيل متنوعة | H55: مغلسة تركي مبلش رشيد 2025-12-27، ينابع المئويه لتحلية 2025-12-20، مركز الخرج سابقا للا 2025-12-09
... A69: 68 | B69: 46008 | C69: 43 | D69: مصروف | E69: عمولة عماد عن شهر 11-2025 | F69: 300 | G69: رواتب وعمولات | H69: العمولة 2025-12-17، الوقود 2025-07-30، الوقود 2025-08-02
A70: 69 | B70: 46008 | C70: 44+45+46+47 | D70: مصروف | E70: قيمة صندوق الدنيا - عماد | F70: 18850 | G70: سيارات ومعدات
A71: 70 | B71: 46011 | C71: 1185 | D71: مصروف | E71: فاتورة نقلة مياه للشرب | F71: 60 | G71: كهرباء وخدمات | H71: مغلسة تركي مبلش رشيد 2025-12-27، ينابع المئويه لتحلية 2025-12-20، مركز الخرج سابقا للا 2025-12-09
A72: 71 | B72: 46011 | C72: 15210 | D72: مصروف | E72: فاتورة شراء مشسمع وصاروخ | F72: 304.75 | G72: مصروفات تشغيل متنوعة | H72: مؤسسة المحترف الامثل 2025-12-20
A73: 72 | B73: 46011 | C73: 7545 | D73: مصروف | E73: قيمة شراء 2 دفاية لغرف العمال | F73: 248.87 | G73: مصروفات تشغيل متنوعة | H73: شركة حمد المنيع وشر 2025-12-20
A74: 73 | B74: 46012 | C74: 15295 | D74: مصروف | E74: شراء باقي مشمع للزهور | F74: 126.5 | G74: نباتات وبذور | H74: مؤسسة المحترف الامثل 2025-12-21
A75: 74 | B75: 46014 | C75: 18330 | D75: مصروف | E75: شراء حبارة للطابعة | F75: 199 | G75: مصروفات تشغيل متنوعة | H75: مؤسسة روابي المعرفة 2025-12-23، شركة ضي العليا لتقني 2025-12-23
A76: 75 | B76: 46014 | C76: 639 | D76: مصروف | E76: شراء حبارة للطابعة | F76: 199 | G76: مصروفات تشغيل متنوعة | H76: مؤسسة روابي المعرفة 2025-12-23، شركة ضي العليا لتقني 2025-12-23
A77: 76 | B77: 46017 | C77: 48 | D77: مصروف | E77: شراء مشمع وسيلكون | F77: 258.75 | G77: مصروفات تشغيل متنوعة | H77: مؤسسة المحترف الامثل 2025-12-26
A78: 77 | B78: 46017 | C78: 49 | D78: مصروف | E78: شراء أغراض سباكة وكهرباء للمطبخ والحمام | F78: 693 | G78: كهرباء وخدمات | H78: موسسسة افاق الاليه ل 2025-12-26
A79: 78 | B79: 46018 | C79: 50 | D79: مصروف | E79: غسيل س عصمت | F79: 60 | G79: صيانة سيارات | H79: مغلسة تركي مبلش رشيد 2025-12-27، ينابع المئويه لتحلية 2025-12-20، مركز الخرج سابقا للا 2025-12-09
A80: 79 | B80: 46019 | C80: 51 | D80: مصروف | E80: شراء أغراض كهرباء للمطبخ | F80: 684 | G80: كهرباء وخدمات | H80: موسسسة افاق الاليه ل 2025-12-28
A81: 80 | B81: 46020 | C81: 52 | D81: مصروف | E81: سداد فاتورة كهرباء 12-2025 | F81: 3735.94 | G81: كهرباء وخدمات | H81: الشركة السعوديه للكه 2025-12-29
A82: 81 | B82: 46020 | C82: 53 | D82: مصروف | E82: سداد فاتورة جيرانيوم 2 | F82: 37442 | G82: نباتات وبذور | H82: الشركة المصرية الالم 2025-11-09
... A92: 91 | B92: 46022 | C92: 61 | D92: مصروف | E92: عربون شغل كهرباء وسباكة | F92: 1000 | G92: كهرباء وخدمات | H92: مصنعيات 2025-12-30، عهدة حسين مصطفى 2026-07-15، عهدة عظمت الله خان 2026-06-14
A93: 92 | B93: 46023 | C93: 62 | D93: مصروف | E93: رمل وحصي للصرف المطبخ | F93: 0 | G93: مصروفات تشغيل متنوعة | I93: مبلغ صفر – البيان مسجل بدون قيمة
A94: 93 | B94: 46023 | C94: 63 | D94: مصروف | E94: شراء نقلة فلين 2000 حبه | F94: 4830 | G94: مستلزمات إنتاج (فلين) | H94: PO-6-REV1، PO-121، PO-9
A95: 94 | B95: 46023 | C95: 64 | D95: مصروف | E95: باقي حساب شغل كهرباء وسباكة | F95: 0 | G95: كهرباء وخدمات | I95: مبلغ صفر – البيان مسجل بدون قيمة
A96: 95 | B96: 46023 | C96: 65 | D96: مصروف | E96: غيار زيت وفلاتر س عماد | F96: 0 | G96: صيانة سيارات | I96: مبلغ صفر – البيان مسجل بدون قيمة
A97: 96 | B97: 46023 | C97: 66 | D97: مصروف | E97: شحن جوال حسين | F97: 0 | G97: اتصالات | I97: مبلغ صفر – البيان مسجل بدون قيمة
A98: 97 | B98: 46025 | C98: 67 | D98: مصروف | E98: شراء نقلة فلين 2000 حبه | F98: 4830 | G98: مستلزمات إنتاج (فلين) | H98: PO-6-REV1، PO-121، PO-9
A99: 98 | B99: 46025 | C99: 68 | D99: مصروف | E99: اسمنت وبلوك لصرف الحمام | F99: 0 | G99: مصروفات تشغيل متنوعة | I99: مبلغ صفر – البيان مسجل بدون قيمة
A100: 99 | B100: 46025 | C100: 69 | D100: مصروف | E100: شحن جوال عصمت | F100: 0 | G100: اتصالات | I100: مبلغ صفر – البيان مسجل بدون قيمة
A101: 100 | B101: 46026 | C101: 70 | D101: مصروف – رواتب | E101: مرتبات شهر 12-2025 | F101: 38111 | G101: رواتب
A102: 101 | B102: 46026 | C102: 71 | D102: مصروف | E102: اجرة بناء حمام ومطبخ | F102: 0 | G102: مصروفات تشغيل متنوعة | I102: مبلغ صفر – البيان مسجل بدون قيمة
A103: 102 | B103: 46027 | C103: 72 | D103: مصروف | E103: شراء 2 مشترك كهرباء عمال | F103: 0 | G103: كهرباء وخدمات | I103: مبلغ صفر – البيان مسجل بدون قيمة
A104: 103 | B104: 46029 | C104: 73 | D104: مصروف | E104: قيمة نقلة مياه للشرب | F104: 0 | G104: كهرباء وخدمات | I104: مبلغ صفر – البيان مسجل بدون قيمة
A105: 104 | B105: 46030 | C105: 74 | D105: مصروف | E105: رمل وحصي للصرف المطبخ | F105: 0 | G105: مصروفات تشغيل متنوعة | I105: مبلغ صفر – البيان مسجل بدون قيمة
A106: 105 | B106: 46030 | C106: 75 | D106: مصروف | E106: بنزين للوانيت 4 قارورة | F106: 0 | G106: وقود | I106: مبلغ صفر – البيان مسجل بدون قيمة
A107: 106 | B107: 46032 | C107: 76 | D107: مصروف | E107: شراء نقلة فلين 1000 حبه | F107: 2415 | G107: مستلزمات إنتاج (فلين) | H107: PO-67، شركة مصنع الديكور وا 2025-12-11، شركة مصنع الديكور وا 2025-12-10
A108: 107 | B108: 46035 | C108: 77 | D108: مصروف | E108: عمولة عصمت عن شهر 12-2025 | F108: 0 | G108: رواتب وعمولات | I108: مبلغ صفر – البيان مسجل بدون قيمة
A109: 108 | B109: 46035 | C109: 78 | D109: مصروف | E109: عمولة وردود عماد عن شهر 12-2025 | F109: 0 | G109: رواتب وعمولات | I109: مبلغ صفر – البيان مسجل بدون قيمة
A110: 109 | B110: 46035 | C110: 79 | D110: مصروف | E110: انتقالات عماد من الرياض لتبوك | F110: 0 | G110: مصروفات تشغيل متنوعة | I110: مبلغ صفر – البيان مسجل بدون قيمة
A111: 110 | B111: 46035 | C111: 80 | D111: مصروف | E111: غسيل وتشحيم س عماد | F111: 0 | G111: صيانة سيارات | I111: مبلغ صفر – البيان مسجل بدون قيمة
A112: 111 | B112: 46036 | C112: 81 | D112: مصروف | E112: شحن جوال محمد عبدالمجيد | F112: 0 | G112: اتصالات | I112: مبلغ صفر – البيان مسجل بدون قيمة
A113: 112 | B113: 46037 | C113: 82 | D113: مصروف | E113: شراء فايلات للورق | F113: 0 | G113: مصروفات تشغيل متنوعة | I113: مبلغ صفر – البيان مسجل بدون قيمة
A114: 113 | B114: 46037 | C114: 83 | D114: مصروف | E114: عمل كفر الوانيت | F114: 0 | G114: صيانة سيارات | I114: مبلغ صفر – البيان مسجل بدون قيمة
A115: 114 | B115: 46038 | C115: 84 | D115: مصروف | E115: شراء 8 محش وكالون للباب | F115: 0 | G115: مصروفات تشغيل متنوعة | I115: مبلغ صفر – البيان مسجل بدون قيمة
A116: 115 | B116: 46038 | C116: 85 | D116: مصروف | E116: قيمة شراء 132 فلين مستعمل | F116: 0 | G116: مستلزمات إنتاج (فلين) | I116: مبلغ صفر – البيان مسجل بدون قيمة
A117: 116 | B117: 46042 | C117: 86 | D117: مصروف | E117: صيانة س عصمت وغيار زيت | F117: 0 | G117: صيانة سيارات | I117: مبلغ صفر – البيان مسجل بدون قيمة
A118: 117 | B118: 46042 | C118: 87 | D118: مصروف | E118: سولار س عصمت | F118: 0 | G118: وقود | I118: مبلغ صفر – البيان مسجل بدون قيمة
A119: 118 | B119: 46042 | C119: 88 | D119: مصروف | E119: غسيل س - عصمت | F119: 0 | G119: صيانة سيارات | I119: مبلغ صفر – البيان مسجل بدون قيمة
... A121: 120 | B121: 46044 | C121: 90 | D121: مصروف | E121: شراء ماتور صغير للحمامات | F121: 0 | G121: مصروفات تشغيل متنوعة | I121: مبلغ صفر – البيان مسجل بدون قيمة
A122: 121 | B122: 46044 | C122: 91 | D122: مصروف | E122: شراء 2 نقلة فلين | F122: 4830 | G122: مستلزمات إنتاج (فلين) | H122: PO-6-REV1، PO-121، PO-9
A123: 122 | B123: 46045 | C123: 92 | D123: مصروف | E123: صيانة كهرباء صندوق س عصمت | F123: 0 | G123: كهرباء وخدمات | I123: مبلغ صفر – البيان مسجل بدون قيمة
...

Sheet خزنة الرياض 6-7 2026
A1: كشف خزنة الرياض – النظام الجديد (يونيو ويوليو 2026 فقط)
A2: م | B2: رقم السند | C2: التاريخ | D2: النوع | E2: العميل / المستفيد | F2: مقبوضات | G2: مدفوعات | H2: ملاحظة المراجعة
A3: 1 | B3: DIS-Riyadh-0001 | C3: 46180 | D3: صرف | E3: رواتب (عمال المزرعة – 18 اسم) | G3: 29457.25 | H3: رواتب شهر 5-2026 (مطابق للمبلغ المكتوب بخانة البيان في كشف الخزنة القديم 29,457)
A4: 2 | B4: DIS-Riyadh-0002 | C4: 46180 | D4: صرف | E4: RIYADH NURSERY | G4: 3963.64 | H4: ⚠ بدون بيان – مطابق تقريباً لإضافة عهدة حسين 3,984.33 في 30-5
A5: 3 | B5: DP-Riyadh-0001 | C5: 46182 | D5: قبض – سداد عميل | E5: مشتل عبدالقادر-الرياض | F5: 1900 | H5: | سيارة 1219
A6: 4 | B6: DP-Riyadh-0002 | C6: 46182 | D6: قبض – سداد عميل | E6: مشتل سليمان - فحص دوري-الرياض | F6: 6000 | H6: | سداد مديونية قديمة (لا توجد مبيعات سيارات لهذا العميل)
A7: 5 | B7: DIS-Riyadh-0003 | C7: 46183 | D7: صرف | E7: — | G7: 2000 | H7: إضافة عهدة حسين 2,000 (7-6)
A8: 6 | B8: DIS-Riyadh-0004 | C8: 46186 | D8: صرف | E8: ENG.AHMED ABDELSABOUR | G8: 1500 | H8: ⚠ صرف لموظف نسما – بدون بيان
A9: 7 | B9: DIS-Riyadh-0005 | C9: 46186 | D9: صرف | E9: MR.MOHAMMED ALI | G9: 3167.11 | H9: أمر شراء PO-0706 شركة إيراد المتحدة 3,167.10
A10: 8 | B10: DP-Riyadh-0003 | C10: 46186 | D10: قبض – سداد عميل | E10: مشاتل مخرج 15-الرياض | F10: 1770 | H10: | سيارة 1219
A11: 9 | B11: DIS-Riyadh-0006 | C11: 46187 | D11: صرف | E11: — | G11: 245 | H11: عهدة عصمت 245 (11-6)
A12: 10 | B12: DIS-Riyadh-0007 | C12: 46187 | D12: صرف | E12: — | G12: 1000 | H12: عهدة عصمت 1,000 (14-6)
A13: 11 | B13: DP-Riyadh-0004 | C13: 46187 | D13: قبض – سداد عميل | E13: مشاتل طريق خريص-الرياض | F13: 1800 | H13: | سيارة 1219
A14: 12 | B14: DP-Riyadh-0005 | C14: 46187 | D14: قبض – سداد عميل | E14: مشاتل طريق مخرج 8-الرياض | F14: 1800 | H14: | سيارة 1219
A15: 13 | B15: DP-Riyadh-0006 | C15: 46187 | D15: قبض – سداد عميل | E15: مشتل حي لبن - الرياض | F15: 2200 | H15: ⚠ غير موجود في شيت "المدفوعات" المرفق مع مبيعات السيارات | سيارة 1219
A16: 14 | B16: DP-Riyadh-0007 | C16: 46190 | D16: قبض – سداد عميل | E16: مشتل سالم-الرياض | F16: 767 | H16: | سيارة 1219
A17: 15 | B17: DP-Riyadh-0008 | C17: 46190 | D17: قبض – سداد عميل | E17: مشتل حي لبن - الرياض | F17: 50 | H17: | سيارة 1219
A18: 16 | B18: DP-Riyadh-0009 | C18: 46190 | D18: قبض – سداد عميل | E18: مشاتل طريق مخرج 8-الرياض | F18: 167 | H18: | سيارة 1219
A19: 17 | B19: DP-Riyadh-0010 | C19: 46190 | D19: قبض – سداد عميل | E19: مشتل عبدالقادر-الرياض | F19: 440 | H19: | سيارة 1219
A20: 18 | B20: DP-Riyadh-0011 | C20: 46191 | D20: قبض – سداد عميل | E20: مشاتل مخرج 15-الرياض | F20: 1000 | H20: | سيارة 1219
A21: 19 | B21: DP-Riyadh-0012 | C21: 46192 | D21: قبض – سداد عميل | E21: مشاتل اليوسف-الدمام | F21: 2054.75 | H21: | سيارة 3010
A22: 20 | B22: DIS-Riyadh-0008 | C22: 46193 | D22: صرف | E22: — | G22: 755 | H22: عهدة عصمت 755 (17-6)
A23: 21 | B23: DIS-Riyadh-0009 | C23: 46193 | D23: صرف | E23: — | G23: 500 | H23: عهدة عماد 500 (19-6)
A24: 22 | B24: DIS-Riyadh-0010 | C24: 46194 | D24: صرف | E24: RIYADH NURSERY | G24: 5863.8 | H24: ⚠ بدون بيان
A25: 23 | B25: DP-Riyadh-0013 | C25: 46194 | D25: قبض – سداد عميل | E25: مشتل زهور الرياض - الرياض | F25: 1395 | H25: | سيارة 1219
A26: 24 | B26: DP-Riyadh-0014 | C26: 46195 | D26: قبض – سداد عميل | E26: مشتل افتخار-الرياض | F26: 870 | H26: | سيارة 1219
A27: 25 | B27: DP-Riyadh-0015 | C27: 46195 | D27: قبض – سداد عميل | E27: مشتل نسيم الصبا - الرياض | F27: 730 | H27: | سيارة 1219
A28: 26 | B28: DP-Riyadh-0016 | C28: 46196 | D28: قبض – سداد عميل | E28: مشتل حي لبن - الرياض | F28: 255.5 | H28: | سيارة 1219
A29: 27 | B29: DP-Riyadh-0017 | C29: 46198 | D29: قبض – سداد عميل | E29: مشاتل العليا-الرياض | F29: 980.75 | H29: | سيارة 1219
A30: 28 | B30: DP-Riyadh-0018 | C30: 46200 | D30: قبض – سداد عميل | E30: مشتل سليمان - فحص دوري-الرياض | F30: 2000 | H30: | سداد مديونية قديمة (لا توجد مبيعات سيارات لهذا العميل)
A31: 29 | B31: DP-Riyadh-0019 | C31: 46200 | D31: قبض – سداد عميل | E31: مشتل حي لبن - الرياض | F31: 495 | H31: | سيارة 1219
A32: 30 | B32: DP-Riyadh-0020 | C32: 46201 | D32: قبض – سداد عميل | E32: مشتل سالم-الرياض | F32: 1135 | H32: | سيارة 1219
A33: 31 | B33: DIS-Riyadh-0011 | C33: 46202 | D33: صرف | E33: — | G33: 500 | H33: عهدة عصمت 500 (29-6)
A34: 32 | B34: DP-Riyadh-0021 | C34: 46202 | D34: قبض – سداد عميل | E34: مشتل حي لبن - الرياض | F34: 1040 | H34: | سيارة 1219
A35: 33 | B35: DP-Riyadh-0022 | C35: 46203 | D35: قبض – سداد عميل | E35: مشاتل وردة الياسمين - الرياض | F35: 540 | H35: ⚠ غير موجود في شيت "المدفوعات" المرفق مع مبيعات السيارات | سيارة 1219
A36: 34 | B36: DIS-Riyadh-0012 | C36: 46204 | D36: صرف | E36: ENG.AHMED ABDELSABOUR | G36: 11000 | H36: سداد جزئي لأمر الشراء PO-0777 (بساتين الرياض) – المتبقي 55,420
A37: 35 | B37: DIS-Riyadh-0013 | C37: 46205 | D37: صرف | E37: — | G37: 500 | H37: عهدة حسين 500 (2-7)
A38: 36 | B38: DP-Riyadh-0023 | C38: 46208 | D38: قبض – سداد عميل | E38: مشاتل مخرج 15-الرياض | F38: 1100 | H38: | سيارة 1219
A39: 37 | B39: DP-Riyadh-0024 | C39: 46208 | D39: قبض – سداد عميل | E39: مشتل سليمان - فحص دوري-الرياض | F39: 5900 | H39: | سداد مديونية قديمة (لا توجد مبيعات سيارات لهذا العميل)
A40: 38 | B40: DP-Riyadh-0025 | C40: 46210 | D40: قبض – سداد عميل | E40: مشاتل زهور الاحساء-الدمام | F40: 1495 | H40: | سيارة 3010
A41: 39 | B41: DP-Riyadh-0026 | C41: 46214 | D41: قبض – سداد عميل | E41: مشتل احمد بتشا-الرياض | F41: 800 | H41: | سيارة 1219
A42: 40 | B42: DP-Riyadh-0027 | C42: 46214 | D42: قبض – سداد عميل | E42: مشتل عمر الخضير-الرياض | F42: 1000 | H42: | سيارة 1219
A43: 41 | B43: DP-Riyadh-0028 | C43: 46216 | D43: قبض – سداد عميل | E43: مشتل عمر الخضير-الرياض | F43: 1000 | H43: | سيارة 1219
A44: 42 | B44: DP-Riyadh-0029 | C44: 46216 | D44: قبض – سداد عميل | E44: مشتل نسيم الصبا - الرياض | F44: 160 | H44: | سيارة 1219
A45: 43 | B45: DP-Riyadh-0030 | C45: 46217 | D45: قبض – سداد عميل | E45: مشتل سالم-الرياض | F45: 1000 | H45: | سيارة 1219
A46: 44 | B46: DIS-Riyadh-0014 | C46: 46218 | D46: صرف | E46: محمد عبدالمجيد (70) | G46: 2588 | H46: ⚠ بدون بيان
A47: 45 | B47: DIS-Riyadh-0015 | C47: 46218 | D47: صرف | E47: — | G47: 1190 | H47: عهدة حسين 1,000 (15-7) + عهدة عماد 190 (15-7)
A48: 46 | B48: DP-Riyadh-0031 | C48: 46218 | D48: قبض – سداد عميل | E48: مشتل اسماعيل - الرياض | F48: 745 | H48: ⚠ غير موجود في شيت "المدفوعات" المرفق مع مبيعات السيارات | سيارة 3010
A49: 47 | B49: DIS-Riyadh-0016 | C49: 46219 | D49: صرف | E49: — | G49: 1500 | H49: عهدة حسين 1,500 (16-7)
A50: 48 | B50: DP-Riyadh-0032 | C50: 46219 | D50: قبض – سداد عميل | E50: مشتل زهور الرياض - الرياض | F50: 300 | H50: | سيارة 1219
A51: 49 | B51: DP-Riyadh-0033 | C51: 46219 | D51: قبض – سداد عميل | E51: مشتل اسماعيل - الرياض | F51: 295 | H51: ⚠ غير موجود في شيت "المدفوعات" المرفق مع مبيعات السيارات | سيارة 3010
A52: 50 | B52: DIS-Riyadh-0017 | C52: 46221 | D52: صرف | E52: — | G52: 1500 | H52: عهدة إسماعيل 1,500 (18-7)
A53: 51 | B53: DP-Riyadh-0034 | C53: 46221 | D53: قبض – سداد عميل | E53: مشتل اسماعيل - الرياض | F53: 285 | H53: ⚠ غير موجود في شيت "المدفوعات" المرفق مع مبيعات السيارات | سيارة 3010
A54: 52 | B54: DP-Riyadh-0035 | C54: 46222 | D54: قبض – سداد عميل | E54: مشاتل العليا-الرياض | F54: 540 | H54: | سيارة 1219
A55: 53 | B55: DP-Riyadh-0036 | C55: 46222 | D55: قبض – سداد عميل | E55: مشاتل الثمامة-الرياض | F55: 585 | H55: | سيارة 1219
A56: 54 | B56: DP-Riyadh-0037 | C56: 46222 | D56: قبض – سداد عميل | E56: مشتل اسماعيل - الرياض | F56: 145 | H56: ⚠ غير موجود في شيت "المدفوعات" المرفق مع مبيعات السيارات | سيارة 3010
A57: 55 | B57: DIS-Riyadh-0018 | C57: 46223 | D57: صرف | E57: محمد عبدالمجيد (70) | G57: 4200 | H57: ⚠ بدون بيان
A58: 56 | B58: DP-Riyadh-0038 | C58: 46223 | D58: قبض – سداد عميل | E58: مشتل احمد بتشا-الرياض | F58: 1540 | H58: | سيارة 1219
A59: 57 | B59: DP-Riyadh-0039 | C59: 46223 | D59: قبض – سداد عميل | E59: مشتل اسماعيل - الرياض | F59: 270 | H59: ⚠ غير موجود في شيت "المدفوعات" المرفق مع مبيعات السيارات | سيارة 3010
A60: 58 | B60: DP-Riyadh-0040 | C60: 46224 | D60: قبض – سداد عميل | E60: مشتل زهور الرياض - الرياض | F60: 300 | H60: | سيارة 1219
A61: 59 | B61: DP-Riyadh-0041 | C61: 46224 | D61: قبض – سداد عميل | E61: مشتل اسماعيل - الرياض | F61: 150 | H61: ⚠ غير موجود في شيت "المدفوعات" المرفق مع مبيعات السيارات | سيارة 3010
A62: 60 | B62: DP-Riyadh-0042 | C62: 46225 | D62: قبض – سداد عميل | E62: مشتل عمر الخضير-الرياض | F62: 800 | H62: | سيارة 1219
A63: 61 | B63: DP-Riyadh-0043 | C63: 46225 | D63: قبض – سداد عميل | E63: مشتل اسماعيل - الرياض | F63: 125 | H63: ⚠ غير موجود في شيت "المدفوعات" المرفق مع مبيعات السيارات | سيارة 3010
A64: 62 | B64: DP-Riyadh-0044 | C64: 46226 | D64: قبض – سداد عميل | E64: مشتل زهور الرياض - الرياض | F64: 545 | H64: | سيارة 1219
A65: 63 | B65: DP-Riyadh-0045 | C65: 46226 | D65: قبض – سداد عميل | E65: مشتل اسماعيل - الرياض | F65: 125 | H65: ⚠ غير موجود في شيت "المدفوعات" المرفق مع مبيعات السيارات | سيارة 3010
A66: 64 | B66: DP-Riyadh-0046 | C66: 46228 | D66: قبض – سداد عميل | E66: مشاتل مخرج 22-الرياض | F66: 584 | H66: | سيارة 1219
A67: 65 | B67: DP-Riyadh-0047 | C67: 46228 | D67: قبض – سداد عميل | E67: مشتل اسماعيل - الرياض | F67: 270 | H67: ⚠ غير موجود في شيت "المدفوعات" المرفق مع مبيعات السيارات | سيارة 3010
A68: 66 | B68: DP-Riyadh-0048 | C68: 46230 | D68: قبض – سداد عميل | E68: مشاتل طريق خريص-الرياض | F68: 500 | H68: | سيارة 1219
A69: 67 | B69: DP-Riyadh-0049 | C69: 46231 | D69: قبض – سداد عميل | E69: مشتل افتخار-الرياض | F69: 500 | H69: | سيارة 1219
... A71: 69 | B71: DP-Riyadh-0051 | C71: 46233 | D71: قبض – سداد عميل | E71: مؤسسة فارس علي السالمي التجارية ( اسماعيل ) - الرياض | F71: 75 | H71: ⚠ غير موجود في شيت "المدفوعات" المرفق مع مبيعات السيارات | سيارة 3010
E72: الإجمالي (يونيو–يوليو) | F72: =SUM(F3:F71) | G72: =SUM(G3:G71)
A74: ملاحظات:
A75: 1) تقرير الخزنة (150 سند من 7-6 إلى 26-9-2026): رصيد افتتاحي 41,269.00 – مقبوضات 120,008.00 – مدفوعات 150,686.21 – رصيد 10,590.79. المراجعة هنا ليونيو ويوليو فقط كما طُلب.
A76: 2) ⚠ شيت "المدفوعات" المرفق سابقاً مع مبيعات السيارات كان ناقصاً 13 سند قبض (منها كل سدادات عملاء سيارة 3010 في يوليو) – التقرير الحالي هو المرجع.
A77: 3) ⚠ سدادات مشتل سليمان - فحص دوري (13,900) وجزء من سدادات عمر الخضير وأحمد بتشا وافتخار وعبدالقادر تزيد عن مبيعات السيارات لهم – أي أنها سداد لمديونيات جملة قديمة (عصمت).
A78: 4) مصروفات العهد في هذا التقرير مطابقة لإضافات العهد في تقارير العهدة (عصمت وعماد وإسماعيل وحسين).
A79: 5) ⚠ صرف 11,000 و 1,500 لـ ENG.AHMED ABDELSABOUR، و 2,588 و 4,200 لمحمد عبدالمجيد، و 3,963.64 و 5,863.80 لـ RIYADH NURSERY – بدون بيان.

Sheet صرف بدون بيان
A1: سندات صرف بدون بيان أو بمبلغ غير مسجل
A2: م | B2: رقم السند | C2: التاريخ | D2: المبلغ | E2: المستفيد | F2: المصدر | G2: مكانه في الملف | H2: ملاحظة
A3: 1 | B3: DIS-Riyadh-0002 | C3: 46180 | D3: 3963.64 | E3: RIYADH NURSERY | F3: تقرير خزنة الرياض (النظام الجديد) – صفحة 7 سطر 149 | G3: صفحة "خزنة الرياض 6-7 2026" | H3: مقارب لإضافة عهدة حسين 3,984.33 (30-5) – فرق 20.69
A4: 2 | B4: DIS-Riyadh-0004 | C4: 46186 | D4: 1500 | E4: ENG.AHMED ABDELSABOUR | F4: تقرير الخزنة – صفحة 7 سطر 145 | G4: صفحة "خزنة الرياض 6-7 2026"
A5: 3 | B5: DIS-Riyadh-0010 | C5: 46194 | D5: 5863.8 | E5: RIYADH NURSERY | F5: تقرير الخزنة – صفحة 6 سطر 128 | G5: صفحة "خزنة الرياض 6-7 2026"
A6: 4 | B6: DIS-Riyadh-0012 | C6: 46204 | D6: 11000 | E6: ENG.AHMED ABDELSABOUR | F6: تقرير الخزنة – صفحة 5 سطر 117 | G6: صفحة "خزنة الرياض 6-7 2026" | H6: ✓ تم التوضيح: سداد جزئي لـ PO-0777 (بساتين الرياض)
A7: 5 | B7: DIS-Riyadh-0014 | C7: 46218 | D7: 2588 | E7: محمد عبدالمجيد (70) | F7: تقرير الخزنة – صفحة 6 سطر 107 | G7: صفحة "خزنة الرياض 6-7 2026"
A8: 6 | B8: DIS-Riyadh-0018 | C8: 46223 | D8: 4200 | E8: محمد عبدالمجيد (70) | F8: تقرير الخزنة – صفحة 5 سطر 95 | G8: صفحة "خزنة الرياض 6-7 2026"
B9: الإجمالي | D9: =SUM(D3:D8)
B11: كشف الخزنة القديم: 53 سند مصروفات مسجلة بمبلغ صفر (يناير–فبراير 2026) + رواتب 5-2026 مكتوبة بالبيان – موجودة في صفحة "مصروفات الخزنة (كشف الحساب)" باللون الرمادي (فلتر عمود المبلغ = 0).

Sheet أرصدة العملاء والموردين
A1: المبالغ الآجلة لدى العملاء والمستحقة للموردين حتى 31-7-2026
A3: أولاً: عملاء مبيعات السيارات (يونيو–يوليو 2026)
A4: م | B4: العميل | C4: السيارة | D4: المبيعات (صافي المرتجع) | E4: المقبوض يونيو–يوليو | F4: الرصيد الآجل | G4: ملاحظة
A5: 1 | B5: مشاتل طريق خريص-الرياض | C5: 1219 | D5: 4732.5 | E5: 2300 | F5: =D5-E5
A6: 2 | B6: مشتل نسيم الصبا - الرياض | C6: 1219 | D6: 2805.31 | E6: 890 | F6: =D6-E6
A7: 3 | B7: مشاتل مخرج 15-الرياض | C7: 1219 | D7: 4997 | E7: 3870 | F7: =D7-E7
A8: 4 | B8: مشاتل طريق ملك عبدالله-الرياض | C8: 1219 | D8: 1085.54 | E8: 0 | F8: =D8-E8
A9: 5 | B9: مشتل ظهرة البديعة - الرياض | C9: 1219 | D9: 450 | E9: 0 | F9: =D9-E9
A10: 6 | B10: مشتل حي لبن - الرياض | C10: 1219 | D10: 4370.57 | E10: 4040.5 | F10: =D10-E10
A11: 7 | B11: مشاتل زهور الاحساء-الدمام | C11: 3010 | D11: 1795 | E11: 1495 | F11: =D11-E11
A12: 8 | B12: مشاتل مخرج 22-الرياض | C12: 1219 | D12: 808 | E12: 584 | F12: =D12-E12
A13: 9 | B13: مشتل زهور الرياض - الرياض | C13: 1219 | D13: 2644 | E13: 2540 | F13: =D13-E13
A14: 10 | B14: مشاتل وردة الياسمين - الرياض | C14: 1219 | D14: 620 | E14: 540 | F14: =D14-E14
A15: 11 | B15: مشاتل الثمامة-الرياض | C15: 1219 | D15: 645 | E15: 585 | F15: =D15-E15
A16: 12 | B16: مؤسسة فارس علي السالمي التجارية ( اسماعيل ) - الرياض | C16: 3010 | D16: 75 | E16: 75 | F16: =D16-E16
... A21: 17 | B21: مشاتل طريق مخرج 8-الرياض | C21: 1219 | D21: 1967 | E21: 1967 | F21: =D21-E21
A22: 18 | B22: مشتل سالم-الرياض | C22: 1219 | D22: 2832 | E22: 2902 | F22: =D22-E22 | G22: المقبوض أكبر من مبيعات السيارات – الفرق سداد لمديونية جملة سابقة
A23: 19 | B23: مشتل عبدالقادر-الرياض | C23: 1219 | D23: 2007.5 | E23: 2340 | F23: =D23-E23 | G23: المقبوض أكبر من مبيعات السيارات – الفرق سداد لمديونية جملة سابقة
A24: 20 | B24: مشتل عمر الخضير-الرياض | C24: 1219 | D24: 1915 | E24: 2800 | F24: =D24-E24 | G24: المقبوض أكبر من مبيعات السيارات – الفرق سداد لمديونية جملة سابقة
A25: 21 | B25: مشتل افتخار-الرياض | C25: 1219 | D25: 440 | E25: 1370 | F25: =D25-E25 | G25: المقبوض أكبر من مبيعات السيارات – الفرق سداد لمديونية جملة سابقة
A26: 22 | B26: مشتل احمد بتشا-الرياض | C26: 1219 | D26: 769 | E26: 2340 | F26: =D26-E26 | G26: المقبوض أكبر من مبيعات السيارات – الفرق سداد لمديونية جملة سابقة
A27: 23 | B27: مشتل سليمان - فحص دوري-الرياض | C27: — | D27: 0 | E27: 13900 | F27: =D27-E27 | G27: لا مبيعات سيارات – سداد مديونية جملة سابقة
B28: الإجمالي | D28: =SUM(D5:D27) | E28: =SUM(E5:E27) | F28: =SUM(F5:F27)
B29: الآجل الموجب فقط (مبالغ لدى العملاء من مبيعات السيارات) | F29: =SUMIF(F5:F27,">0")
B30: المقبوض الزائد = سداد مديونيات جملة سابقة (يُخصم من أرصدة المناديب) | F30: =-SUMIF(F5:F27,"<0")
A32: ثانياً: أرصدة المناديب (جملة) حسب كشف الخزنة حتى 3-6-2026
A33: م | B33: المندوب | D33: المبيعات بالكشف | E33: السداد بالكشف | F33: الرصيد الآجل | G33: ملاحظة
A34: 1 | B34: عصمت الله خان (5001) | D34: 555547.5 | E34: 491714.93 | F34: =D34-E34 | G34: الكشف يبدأ من 1-11-2025
A35: 2 | B35: عماد حمدي (5002) | D35: 235450.75 | E35: 228618 | F35: =D35-E35
A37: ثالثاً: المستحق للموردين حتى 31-7-2026
A38: م | B38: المورد / المستند | D38: القيمة | E38: المسدد | F38: المتبقي | G38: ملاحظة
A39: 1 | B39: بساتين الرياض – PO-1023 (28-7-2026) | D39: 33950 | E39: 0 | F39: =D39-IF(E39="",0,E39) | G39: غير مدفوع – مستلم
A40: 2 | B40: بساتين الرياض – PO-0777 (24-6-2026) | D40: 66420 | E40: 11000 | F40: =D40-IF(E40="",0,E40) | G40: مسدد 11,000 بسند الخزنة DIS-Riyadh-0012 (1-7-2026) – المتبقي 55,420
B41: الإجمالي | D41: =SUM(D39:D40) | F41: =SUM(F39:F40)

Sheet مصروفات 2025 - تفصيل
A1: م | B1: التاريخ | C1: المورد / البيان | D1: أمر الشراء / الاسم | E1: المرجع | F1: قبل الضريبة | G1: الضريبة % | H1: الإجمالي | I1: مدفوع | J1: جهة الدفع | K1: التصنيف | L1: ملاحظة
A2: 1 | B2: 45809 | C2: الشركة السعوديه للكهرباء | D2: RIYADH NURSERY | E2: فاتوره كهرباء شهر 6 | F2: 5220.27 | G2: 15 | H2: 6003.31 | I2: نعم | J2: مزرعة الرياض (عهدة/صندوق) | K2: خدمات (كهرباء/مياه/اتصالات) | L2: قبل 1-7-2025 (فاتورة كهرباء شهر 6)
A3: 2 | B3: 45839 | C3: الشركة السعوديه للكهرباء | D3: RIYADH NURSERY | E3: ايصال الكهرباء شهر 7 | F3: 3955.58 | G3: 15 | H3: 4548.92 | I3: نعم | J3: مزرعة الرياض (عهدة/صندوق) | K3: خدمات (كهرباء/مياه/اتصالات)
A4: 3 | B4: 45839 | C4: رواتب | D4: RIYADH NURSERY | E4: رواتب شهر 7 | F4: 24332.17 | G4: 15 | H4: 27982 | I4: نعم | J4: مزرعة الرياض (عهدة/صندوق) | K4: رواتب وعمولات
A5: 4 | B5: 45840 | C5: الوقود | D5: RIYADH NURSERY | F5: 217.42 | G5: 15 | H5: 250.03 | I5: نعم | J5: مزرعة الرياض (عهدة/صندوق) | K5: وقود
A6: 5 | B6: 45840 | C6: ينابع المئويه لتحلية المياه | D6: RIYADH NURSERY | E6: رد مياه | F6: 52.17 | G6: 15 | H6: 60 | I6: نعم | J6: مزرعة الرياض (عهدة/صندوق) | K6: خدمات (كهرباء/مياه/اتصالات)
A7: 6 | B7: 45840 | C7: الوقود | D7: RIYADH NURSERY | E7: غسيل سياره | F7: 52.17 | G7: 15 | H7: 60 | I7: نعم | J7: مزرعة الرياض (عهدة/صندوق) | K7: وقود
A8: 7 | B8: 45840 | C8: محطة المجمع لخدمات السيارات | D8: RIYADH NURSERY | E8: بنشر كفر السياره | F8: 13.04 | G8: 15 | H8: 15 | I8: نعم | J8: مزرعة الرياض (عهدة/صندوق) | K8: صيانة سيارات ومعدات
A9: 8 | B9: 45841 | C9: الوقود | D9: RIYADH NURSERY | F9: 93.04 | G9: 15 | H9: 107 | I9: نعم | J9: مزرعة الرياض (عهدة/صندوق) | K9: وقود
A10: 9 | B10: 45841 | C10: الوقود | D10: RIYADH NURSERY | F10: 111.3 | G10: 15 | H10: 128 | I10: نعم | J10: مزرعة الرياض (عهدة/صندوق) | K10: وقود
A11: 10 | B11: 45842 | C11: الوقود | D11: RIYADH NURSERY | F11: 185.22 | G11: 15 | H11: 213 | I11: نعم | J11: مزرعة الرياض (عهدة/صندوق) | K11: وقود
A12: 11 | B12: 45843 | C12: الوقود | D12: RIYADH NURSERY | F12: 132.17 | G12: 15 | H12: 152 | I12: نعم | J12: مزرعة الرياض (عهدة/صندوق) | K12: وقود
A13: 12 | B13: 45843 | C13: الوقود | D13: RIYADH NURSERY | F13: 204.35 | G13: 15 | H13: 235 | I13: نعم | J13: مزرعة الرياض (عهدة/صندوق) | K13: وقود
A14: 13 | B14: 45843 | C14: الوقود | D14: RIYADH NURSERY | F14: 78.29 | G14: 15 | H14: 90.03 | I14: نعم | J14: مزرعة الرياض (عهدة/صندوق) | K14: وقود
A15: 14 | B15: 45848 | C15: الوقود | D15: RIYADH NURSERY | F15: 173.91 | G15: 15 | H15: 200 | I15: نعم | J15: مزرعة الرياض (عهدة/صندوق) | K15: وقود
A16: 15 | B16: 45852 | C16: الوقود | D16: RIYADH NURSERY | F16: 191.3 | G16: 15 | H16: 220 | I16: نعم | J16: مزرعة الرياض (عهدة/صندوق) | K16: وقود
A17: 16 | B17: 45854 | C17: ينابع المئويه لتحلية المياه | D17: RIYADH NURSERY | F17: 52.17 | G17: 15 | H17: 60 | I17: نعم | J17: مزرعة الرياض (عهدة/صندوق) | K17: خدمات (كهرباء/مياه/اتصالات)
A18: 17 | B18: 45854 | C18: مؤسسة بساتين الرياض | D18: RIYADH NURSERY-PO876 | E18: شراء بذور | F18: 17180 | G18: 15 | H18: 19757 | I18: لا | J18: مزرعة الرياض (عهدة/صندوق) | K18: مشتريات نباتات وبذور | L18: غير مدفوع في 2025 – تم سداده في 2026 ضمن أمر PO-287-REV1
A19: 18 | B19: 45855 | C19: الوقود | D19: RIYADH NURSERY | F19: 173.91 | G19: 15 | H19: 200 | I19: نعم | J19: مزرعة الرياض (عهدة/صندوق) | K19: وقود
A20: 19 | B20: 45859 | C20: الوقود | D20: RIYADH NURSERY | F20: 173.91 | G20: 15 | H20: 200 | I20: نعم | J20: مزرعة الرياض (عهدة/صندوق) | K20: وقود
A21: 20 | B21: 45860 | C21: الأمور الإدارية | D21: RIYADH NURSERY | E21: ادوات كهربائيه | F21: 30.43 | G21: 15 | H21: 35 | I21: نعم | J21: مزرعة الرياض (عهدة/صندوق) | K21: مصروفات إدارية وأخرى
A22: 21 | B22: 45860 | C22: الوقود | D22: RIYADH NURSERY | F22: 60.87 | G22: 15 | H22: 70 | I22: نعم | J22: مزرعة الرياض (عهدة/صندوق) | K22: وقود
A23: 22 | B23: 45862 | C23: الوقود | D23: RIYADH NURSERY | F23: 173.91 | G23: 15 | H23: 200 | I23: نعم | J23: مزرعة الرياض (عهدة/صندوق) | K23: وقود
A24: 23 | B24: 45865 | C24: الأمور الإدارية | D24: RIYADH NURSERY | E24: ادوات كهرباء | F24: 837.39 | G24: 15 | H24: 963 | I24: نعم | J24: مزرعة الرياض (عهدة/صندوق) | K24: مصروفات إدارية وأخرى
A25: 24 | B25: 45865 | C25: الوقود | D25: RIYADH NURSERY | F25: 173.91 | G25: 15 | H25: 200 | I25: نعم | J25: مزرعة الرياض (عهدة/صندوق) | K25: وقود
A26: 25 | B26: 45866 | C26: مصنعيات | D26: RIYADH NURSERY | E26: اجره كهربائى | F26: 434.78 | G26: 15 | H26: 500 | I26: نعم | J26: مزرعة الرياض (عهدة/صندوق) | K26: صيانة وإنشاءات المزرعة
A27: 26 | B27: 45866 | C27: الوقود | D27: RIYADH NURSERY | F27: 213.04 | G27: 15 | H27: 245 | I27: نعم | J27: مزرعة الرياض (عهدة/صندوق) | K27: وقود
A28: 27 | B28: 45866 | C28: الأمور الإدارية | D28: RIYADH NURSERY | E28: ادوات سباكه | F28: 2865.22 | G28: 15 | H28: 3295 | I28: نعم | J28: مزرعة الرياض (عهدة/صندوق) | K28: مصروفات إدارية وأخرى
A29: 28 | B29: 45867 | C29: الأمور الإدارية | D29: RIYADH NURSERY | E29: قفل + سلسله | F29: 143.48 | G29: 15 | H29: 165 | I29: نعم | J29: مزرعة الرياض (عهدة/صندوق) | K29: مصروفات إدارية وأخرى
A30: 29 | B30: 45868 | C30: ينابع المئويه لتحلية المياه | D30: RIYADH NURSERY | F30: 52.17 | G30: 15 | H30: 60 | I30: نعم | J30: مزرعة الرياض (عهدة/صندوق) | K30: خدمات (كهرباء/مياه/اتصالات)
A31: 30 | B31: 45868 | C31: الأمور الإدارية | D31: RIYADH NURSERY | F31: 165 | G31: 15 | H31: 189.75 | I31: نعم | J31: مزرعة الرياض (عهدة/صندوق) | K31: مصروفات إدارية وأخرى
A32: 31 | B32: 45868 | C32: الوقود | D32: RIYADH NURSERY | E32: توصيل 2 مكيف مع التركيب | F32: 260.87 | G32: 15 | H32: 300 | I32: نعم | J32: مزرعة الرياض (عهدة/صندوق) | K32: وقود
A33: 32 | B33: 45869 | C33: الوقود | D33: RIYADH NURSERY | F33: 232.17 | G33: 15 | H33: 267 | I33: نعم | J33: مزرعة الرياض (عهدة/صندوق) | K33: وقود
A34: 33 | B34: 45869 | C34: الوقود | D34: RIYADH NURSERY | F34: 210.65 | G34: 15 | H34: 242.25 | I34: نعم | J34: مزرعة الرياض (عهدة/صندوق) | K34: وقود
A35: 34 | B35: 45870 | C35: الوقود | D35: RIYADH NURSERY | F35: 221.75 | G35: 15 | H35: 255.01 | I35: نعم | J35: مزرعة الرياض (عهدة/صندوق) | K35: وقود
A36: 35 | B36: 45870 | C36: الطعام | D36: RIYADH NURSERY | E36: وجبة سفر تيمور من تبوك ال | F36: 30.43 | G36: 15 | H36: 35 | I36: نعم | J36: مزرعة الرياض (عهدة/صندوق) | K36: مصروفات إدارية وأخرى
A37: 36 | B37: 45870 | C37: الشركة السعوديه للكهرباء | D37: RIYADH NURSERY | F37: 3931.59 | G37: 15 | H37: 4521.33 | I37: نعم | J37: مزرعة الرياض (عهدة/صندوق) | K37: خدمات (كهرباء/مياه/اتصالات)
A38: 37 | B38: 45871 | C38: الطعام | D38: RIYADH NURSERY | E38: وجبة سفر تيمور من تبوك ال | F38: 13.91 | G38: 15 | H38: 16 | I38: نعم | J38: مزرعة الرياض (عهدة/صندوق) | K38: مصروفات إدارية وأخرى
A39: 38 | B39: 45871 | C39: الطعام | D39: RIYADH NURSERY | E39: وجبة سفر تيمور من تبوك ال | F39: 14.78 | G39: 15 | H39: 17 | I39: نعم | J39: مزرعة الرياض (عهدة/صندوق) | K39: مصروفات إدارية وأخرى
A40: 39 | B40: 45871 | C40: الوقود | D40: RIYADH NURSERY | E40: صيانة الاونيت فى المزرعه | F40: 260.87 | G40: 15 | H40: 300 | I40: نعم | J40: مزرعة الرياض (عهدة/صندوق) | K40: وقود
A41: 40 | B41: 45871 | C41: الوقود | D41: RIYADH NURSERY | F41: 204.35 | G41: 15 | H41: 235 | I41: نعم | J41: مزرعة الرياض (عهدة/صندوق) | K41: وقود
A42: 41 | B42: 45871 | C42: الوقود | D42: RIYADH NURSERY | F42: 244.37 | G42: 15 | H42: 281.02 | I42: نعم | J42: مزرعة الرياض (عهدة/صندوق) | K42: وقود
A43: 42 | B43: 45872 | C43: صيانة | D43: RIYADH NURSERY | E43: لمبة فرامل شغل يد | F43: 73.91 | G43: 15 | H43: 85 | I43: نعم | J43: مزرعة الرياض (عهدة/صندوق) | K43: صيانة وإنشاءات المزرعة
A44: 43 | B44: 45872 | C44: الطعام | D44: RIYADH NURSERY | F44: 10.43 | G44: 15 | H44: 12 | I44: نعم | J44: مزرعة الرياض (عهدة/صندوق) | K44: مصروفات إدارية وأخرى
A45: 44 | B45: 45872 | C45: مصروفات ناسيس الرياض | D45: RIYADH NURSERY | E45: فاتورة الكمبيوتر | F45: 373.91 | G45: 15 | H45: 430 | I45: نعم | J45: مزرعة الرياض (عهدة/صندوق) | K45: مصروفات إدارية وأخرى
A46: 45 | B46: 45873 | C46: شركة غرس نجد الزراعيه | D46: RIYADH NURSERY | F46: 12621.74 | G46: 15 | H46: 14515 | I46: لا | J46: مزرعة الرياض (عهدة/صندوق) | K46: مشتريات نباتات وبذور | L46: غير مدفوع في 2025 – تم سداده في 2026 ضمن أمر PO-295 (14,515)
A47: 46 | B47: 45874 | C47: مصروفات ناسيس الرياض | D47: RIYADH NURSERY | F47: 203.48 | G47: 15 | H47: 234 | I47: نعم | J47: مزرعة الرياض (عهدة/صندوق) | K47: مصروفات إدارية وأخرى
A48: 47 | B48: 45876 | C48: الوقود | D48: RIYADH NURSERY | F48: 173.91 | G48: 15 | H48: 200 | I48: نعم | J48: مزرعة الرياض (عهدة/صندوق) | K48: وقود
A49: 48 | B49: 45878 | C49: مصروفات ناسيس الرياض | D49: RIYADH NURSERY | E49: فاتورة الكمبيوتر | F49: 782.61 | G49: 15 | H49: 900 | I49: نعم | J49: مزرعة الرياض (عهدة/صندوق) | K49: مصروفات إدارية وأخرى
A50: 49 | B50: 45878 | C50: مصروفات ناسيس الرياض | D50: RIYADH NURSERY | E50: فاتورة الكمبيوتر | F50: 334.78 | G50: 15 | H50: 385 | I50: نعم | J50: مزرعة الرياض (عهدة/صندوق) | K50: مصروفات إدارية وأخرى
A51: 50 | B51: 45879 | C51: الوقود | D51: RIYADH NURSERY | F51: 173.91 | G51: 15 | H51: 200 | I51: نعم | J51: مزرعة الرياض (عهدة/صندوق) | K51: وقود
A52: 51 | B52: 45880 | C52: مشتل الجوده المطلقه لزراعه | D52: RIYADH NURSERY-PO878 | E52: 40 نخل سايكس | F52: 10434.78 | G52: 15 | H52: 12000 | I52: لا | J52: مزرعة الرياض (عهدة/صندوق) | K52: مشتريات نباتات وبذور | L52: غير مدفوع في 2025 – تم سداده في 2026 ضمن أمر PO-296
A53: 52 | B53: 45880 | C53: شركة المدارات السعودية للتجارة والاستيراد | D53: RIYADH NURSERY-PO599 | E53: تحويل بنكى | F53: 4000 | G53: 15 | H53: 4600 | I53: نعم | J53: مزرعة تبوك (نسما) – تحويل بنكي | K53: مواد زراعية (بيتموس/بيرلايت/أسمدة/مبيدات) | L53: مدفوع عن طريق مزرعة تبوك – مديونية على مزرعة الرياض
A54: 53 | B54: 45880 | C54: مشتل الجوده المطلقه لزراعه | D54: RIYADH NURSERY-PO877 | F54: 32652.17 | G54: 15 | H54: 37550 | I54: لا | J54: مزرعة الرياض (عهدة/صندوق) | K54: مشتريات نباتات وبذور | L54: غير مدفوع في 2025 – تم سداده في 2026 ضمن أمر PO-296
A55: 54 | B55: 45880 | C55: الوقود | D55: RIYADH NURSERY | F55: 173.91 | G55: 15 | H55: 200 | I55: نعم | J55: مزرعة الرياض (عهدة/صندوق) | K55: وقود
A56: 55 | B56: 45882 | C56: موسسة المحترف الامثل لتجاره | D56: RIYADH NURSERY | E56: شراء اشياء سباكه | F56: 60 | G56: 15 | H56: 69 | I56: نعم | J56: مزرعة الرياض (عهدة/صندوق) | K56: مصروفات إدارية وأخرى
A57: 56 | B57: 45883 | C57: الوقود | D57: RIYADH NURSERY | F57: 173.91 | G57: 15 | H57: 200 | I57: نعم | J57: مزرعة الرياض (عهدة/صندوق) | K57: وقود
A58: 57 | B58: 45885 | C58: الوقود | D58: RIYADH NURSERY | F58: 200 | G58: 15 | H58: 230 | I58: نعم | J58: مزرعة الرياض (عهدة/صندوق) | K58: وقود
A59: 58 | B59: 45885 | C59: مؤسسة اركان ود للتجاره | D59: RIYADH NURSERY | F59: 18.26 | G59: 15 | H59: 21 | I59: نعم | J59: مزرعة الرياض (عهدة/صندوق) | K59: صيانة وإنشاءات المزرعة
A60: 59 | B60: 45885 | C60: ينابع المئويه لتحلية المياه | D60: RIYADH NURSERY | F60: 52.17 | G60: 15 | H60: 60 | I60: نعم | J60: مزرعة الرياض (عهدة/صندوق) | K60: خدمات (كهرباء/مياه/اتصالات)
A61: 60 | B61: 45887 | C61: Arabian Vermiculite Industries (AVI) | D61: RIYADH NURSERY | E61: تحويل بنكى | F61: 14820 | G61: 15 | H61: 17043 | I61: نعم | J61: مزرعة تبوك (نسما) – تحويل بنكي | K61: مواد زراعية (بيتموس/بيرلايت/أسمدة/مبيدات) | L61: مدفوع عن طريق مزرعة تبوك – مديونية على مزرعة الرياض
A62: 61 | B62: 45887 | C62: شركة التاج المميزة التجارية | D62: RIYADH NURSERY-PO#627 | E62: تحويل بنكى | F62: 23500 | G62: 15 | H62: 27025 | I62: نعم | J62: مزرعة تبوك (نسما) – تحويل بنكي | K62: مواد زراعية (بيتموس/بيرلايت/أسمدة/مبيدات) | L62: مدفوع عن طريق مزرعة تبوك – مديونية على مزرعة الرياض
A63: 62 | B63: 45889 | C63: موسسة بيت الوسيط لتجاره | D63: RIYADH NURSERY | F63: 104.35 | G63: 15 | H63: 120 | I63: نعم | J63: مزرعة الرياض (عهدة/صندوق) | K63: مواد زراعية (بيتموس/بيرلايت/أسمدة/مبيدات)
A64: 63 | B64: 45889 | C64: الوقود | D64: RIYADH NURSERY | F64: 173.91 | G64: 15 | H64: 200 | I64: نعم | J64: مزرعة الرياض (عهدة/صندوق) | K64: وقود
A65: 64 | B65: 45889 | C65: الوقود | D65: RIYADH NURSERY | F65: 59.17 | G65: 15 | H65: 68.04 | I65: نعم | J65: مزرعة الرياض (عهدة/صندوق) | K65: وقود
A66: 65 | B66: 45890 | C66: الوقود | D66: RIYADH NURSERY | F66: 173.91 | G66: 15 | H66: 200 | I66: نعم | J66: مزرعة الرياض (عهدة/صندوق) | K66: وقود
A67: 66 | B67: 45890 | C67: موسسسة افاق الاليه لادوات الكهربيه | D67: RIYADH NURSERY | E67: شراء سلك تربيط | F67: 30.5 | G67: 15 | H67: 35.08 | I67: نعم | J67: مزرعة الرياض (عهدة/صندوق) | K67: صيانة وإنشاءات المزرعة
A68: 67 | B68: 45894 | C68: الوقود | D68: RIYADH NURSERY | F68: 173.91 | G68: 15 | H68: 200 | I68: نعم | J68: مزرعة الرياض (عهدة/صندوق) | K68: وقود
A69: 68 | B69: 45894 | C69: موسسة الدلتا الخضراء للتجاره | D69: RIYADH NURSERY | F69: 40 | G69: 15 | H69: 46 | I69: نعم | J69: مزرعة الرياض (عهدة/صندوق) | K69: مشتريات نباتات وبذور
A70: 69 | B70: 45894 | C70: شركة التلال الزراعيه | D70: RIYADH NURSERY | F70: 60.87 | G70: 15 | H70: 70 | I70: نعم | J70: مزرعة الرياض (عهدة/صندوق) | K70: مصروفات إدارية وأخرى
A71: 70 | B71: 45894 | C71: شركة التقنيات المتطوره الحديثه | D71: RIYADH NURSERY | E71: شراء غطاس 1/2 حصان | F71: 400 | G71: 15 | H71: 460 | I71: نعم | J71: مزرعة الرياض (عهدة/صندوق) | K71: مصروفات إدارية وأخرى
A72: 71 | B72: 45897 | C72: مؤسسة بساتين الرياض | D72: RIYADH NURSERY-PO711 | F72: 37949.57 | G72: 15 | H72: 43642 | I72: لا | J72: مزرعة الرياض (عهدة/صندوق) | K72: مشتريات نباتات وبذور | L72: غير مدفوع في 2025 – تم سداده في 2026 ضمن أمر PO-288
A73: 72 | B73: 45897 | C73: الوقود | D73: RIYADH NURSERY | F73: 217.39 | G73: 15 | H73: 250 | I73: نعم | J73: مزرعة الرياض (عهدة/صندوق) | K73: وقود
A74: 73 | B74: 45900 | C74: ينابع المئويه لتحلية المياه | D74: RIYADH NURSERY | F74: 52.17 | G74: 15 | H74: 60 | I74: نعم | J74: مزرعة الرياض (عهدة/صندوق) | K74: خدمات (كهرباء/مياه/اتصالات)
A75: 74 | B75: 45900 | C75: الوقود | D75: RIYADH NURSERY | F75: 17.39 | G75: 15 | H75: 20 | I75: نعم | J75: مزرعة الرياض (عهدة/صندوق) | K75: وقود
A76: 75 | B76: 45900 | C76: الوقود | D76: RIYADH NURSERY | F76: 60.87 | G76: 15 | H76: 70 | I76: نعم | J76: مزرعة الرياض (عهدة/صندوق) | K76: وقود
