Workbook

Sheet الملخص
A1: ملخص حركات المواد – مزرعة الرياض
A2: الفترة الكاملة: من 30-7-2025 إلى 31-7-2026 – سجل الحركات (النظام القديم) + النظام الجديد (يونيو–يوليو 2026) بعد المراجعة مع السندات وملف التفصيل.
A4: الرمز | B4: نوع الحركة | C4: عدد – النظام القديم | D4: قيمة النظام القديم | E4: عدد – النظام الجديد | F4: قيمة النظام الجديد | G4: إجمالي العدد | H4: الإجمالي للفترة | I4: عقود بتفصيل بنود | J4: قيمة العقود المفصّلة
A5: TNR | B5: ترحيل من تبوك إلى الرياض | C5: =COUNTIFS('سجل العقود'!B2:B255,"TNR",'سجل العقود'!I2:I255,"النظام القديم",'سجل العقود'!J2:J255,"نعم") | D5: =SUMIFS('سجل العقود'!H2:H255,'سجل العقود'!B2:B255,"TNR",'سجل العقود'!I2:I255,"النظام القديم",'سجل العقود'!J2:J255,"نعم") | E5: =COUNTIFS('سجل العقود'!B2:B255,"TNR",'سجل العقود'!I2:I255,"النظام الجديد",'سجل العقود'!J2:J255,"نعم") | F5: =SUMIFS('سجل العقود'!H2:H255,'سجل العقود'!B2:B255,"TNR",'سجل العقود'!I2:I255,"النظام الجديد",'سجل العقود'!J2:J255,"نعم") | G5: =C5+E5 | H5: =D5+F5 | I5: 3 | J5: 16660.63
A6: RNT | B6: ترحيل من الرياض إلى تبوك | C6: =COUNTIFS('سجل العقود'!B2:B255,"RNT",'سجل العقود'!I2:I255,"النظام القديم",'سجل العقود'!J2:J255,"نعم") | D6: =SUMIFS('سجل العقود'!H2:H255,'سجل العقود'!B2:B255,"RNT",'سجل العقود'!I2:I255,"النظام القديم",'سجل العقود'!J2:J255,"نعم") | E6: =COUNTIFS('سجل العقود'!B2:B255,"RNT",'سجل العقود'!I2:I255,"النظام الجديد",'سجل العقود'!J2:J255,"نعم") | F6: =SUMIFS('سجل العقود'!H2:H255,'سجل العقود'!B2:B255,"RNT",'سجل العقود'!I2:I255,"النظام الجديد",'سجل العقود'!J2:J255,"نعم") | G6: =C6+E6 | H6: =D6+F6 | I6: 5 | J6: 46750.38
A7: RNP | B7: ترحيل إلى قسم المشاريع تبوك | C7: =COUNTIFS('سجل العقود'!B2:B255,"RNP",'سجل العقود'!I2:I255,"النظام القديم",'سجل العقود'!J2:J255,"نعم") | D7: =SUMIFS('سجل العقود'!H2:H255,'سجل العقود'!B2:B255,"RNP",'سجل العقود'!I2:I255,"النظام القديم",'سجل العقود'!J2:J255,"نعم") | E7: =COUNTIFS('سجل العقود'!B2:B255,"RNP",'سجل العقود'!I2:I255,"النظام الجديد",'سجل العقود'!J2:J255,"نعم") | F7: =SUMIFS('سجل العقود'!H2:H255,'سجل العقود'!B2:B255,"RNP",'سجل العقود'!I2:I255,"النظام الجديد",'سجل العقود'!J2:J255,"نعم") | G7: =C7+E7 | H7: =D7+F7 | I7: 25 | J7: 139835.86
A8: RNO | B8: صرف مواد للإنتاج – مزرعة الرياض | C8: =COUNTIFS('سجل العقود'!B2:B255,"RNO",'سجل العقود'!I2:I255,"النظام القديم",'سجل العقود'!J2:J255,"نعم") | D8: =SUMIFS('سجل العقود'!H2:H255,'سجل العقود'!B2:B255,"RNO",'سجل العقود'!I2:I255,"النظام القديم",'سجل العقود'!J2:J255,"نعم") | E8: =COUNTIFS('سجل العقود'!B2:B255,"RNO",'سجل العقود'!I2:I255,"النظام الجديد",'سجل العقود'!J2:J255,"نعم") | F8: =SUMIFS('سجل العقود'!H2:H255,'سجل العقود'!B2:B255,"RNO",'سجل العقود'!I2:I255,"النظام الجديد",'سجل العقود'!J2:J255,"نعم") | G8: =C8+E8 | H8: =D8+F8 | I8: 37 | J8: 169491.16
A9: RNL | B9: كميات هالكة ومفقودة | C9: =COUNTIFS('سجل العقود'!B2:B255,"RNL",'سجل العقود'!I2:I255,"النظام القديم",'سجل العقود'!J2:J255,"نعم") | D9: =SUMIFS('سجل العقود'!H2:H255,'سجل العقود'!B2:B255,"RNL",'سجل العقود'!I2:I255,"النظام القديم",'سجل العقود'!J2:J255,"نعم") | E9: =COUNTIFS('سجل العقود'!B2:B255,"RNL",'سجل العقود'!I2:I255,"النظام الجديد",'سجل العقود'!J2:J255,"نعم") | F9: =SUMIFS('سجل العقود'!H2:H255,'سجل العقود'!B2:B255,"RNL",'سجل العقود'!I2:I255,"النظام الجديد",'سجل العقود'!J2:J255,"نعم") | G9: =C9+E9 | H9: =D9+F9 | I9: 20 | J9: 42103.69
B10: الإجمالي | C10: =SUM(C5:C9) | D10: =SUM(D5:D9) | E10: =SUM(E5:E9) | F10: =SUM(F5:F9) | G10: =SUM(G5:G9) | H10: =SUM(H5:H9) | I10: =SUM(I5:I9) | J10: =SUM(J5:J9)
A12: ملاحظات المراجعة:
A13: 1) مراجعة السندات: ملف تفصيل النظام الجديد فيه 50 سنداً. سندات الصرف للإنتاج RNO (20) والهالك RNL (12) مطابقة تماماً للأرشيف في العدد والقيمة وعدد البنود.
A14: 2) ⚠ ترحيلات المشاريع RNP في الأرشيف كانت سندين فقط، بينما ملف التفصيل فيه 18 سنداً – أُضيف 17 سنداً ناقصاً بقيمة 75,138.00 (من ISV-0004 إلى ISV-0128). السند ISV-0075 (4-7-2026 بقيمة 2,750) موجود بالأرشيف فقط بدون تفصيل.
A15: 3) ⚠ مرجع الطلب NS-REQ-008 مستخدم في سندين: ISV-0011 (14-6 بقيمة 1,100) و ISV-0016 (17-6 بقيمة 825) – يلزم التأكد أنهما صرفان مختلفان.
A16: 4) ⚠ سندات التحويل TRF: قيم الأرشيف تختلف عن السندات الأصلية، وتم اعتماد السند: TRF-0107 (أرشيف 32,149.00 / سند 28,146.25)، TRF-0122 (7,080.00 / 7,038.00)، TRF-0120 (7,375.00 / 7,331.25)، TRF-0188 (937.50 / 934.38).
A17: 5) صنف سيسبانيا OD373: خرج 250 من الرياض لتبوك (TRF-0107 في 11-7)، ثم رجع 250 من تبوك للرياض (TRF-0120 في 14-7 الساعة 9:35)، ثم خرج 240 مرة أخرى لتبوك (TRF-0122 في 14-7 الساعة 9:52) مع مرتجع 10 حبات مكسورة. الصافي المحوّل لتبوك 240 حبة – يلزم التأكد أن التحويل الأول لم يُلغَ.
A18: 6) السند TRF-0107 تاريخه على السند 2026-11-07 وهو 11-7-2026 (مقلوب).
A19: 7) سجل الحركات (النظام القديم) ينتهي عند 22-2-2026 والنظام الجديد يبدأ 13-6-2026 – لا توجد حركات من 23-2-2026 إلى 12-6-2026.
A20: 8) العقد RNO-3832 (13-2-2026): مجموع البنود 5,274.48 وإجمالي العقد 5,550.48 – فرق 276.00.
A21: 9) رقم العقد RNP-1787 مكرر لحركتين (25-7-2025 بقيمة 18,975 قبل الفترة، و 4-8-2025 بقيمة 20,872.50). وحركات قبل 30-7-2025 غير محسوبة (بالرمادي).
A22: 10) السند ISV-0061 حالته مرتجع جزئي ولا يوضح النظام الكمية المرتجعة.

Sheet سجل العقود
A1: م | B1: نوع الحركة | C1: البيان | D1: رقم العقد / السند | E1: التاريخ | F1: الجهة / المرجع | G1: عدد البنود | H1: القيمة | I1: المصدر | J1: محسوب بالفترة | K1: ملاحظة
A2: 1 | B2: TNR | C2: ترحيل من تبوك إلى الرياض | D2: TNR-1867 | E2: 45874 | F2: TRANSACTIONS BETWEEN RIYADH -TABUK NURSERY | H2: 12165.28 | I2: النظام القديم | J2: نعم | K2: بدون تفصيل بنود في السجل
A3: 2 | B3: TNR | C3: ترحيل من تبوك إلى الرياض | D3: TNR-2689 | E3: 45959 | F3: WHOLESALE DEPARTMENT TABUK NURSERY | H3: 22137.5 | I3: النظام القديم | J3: نعم | K3: بدون تفصيل بنود في السجل
A4: 3 | B4: TNR | C4: ترحيل من تبوك إلى الرياض | D4: TNR-2792 | E4: 45967 | F4: TRANSACTIONS BETWEEN RIYADH -TABUK NURSERY | H4: 6828.13 | I4: النظام القديم | J4: نعم | K4: بدون تفصيل بنود في السجل
A5: 4 | B5: TNR | C5: ترحيل من تبوك إلى الرياض | D5: TNR-2888 | E5: 45976 | F5: WHOLESALE DEPARTMENT TABUK NURSERY | H5: 23797.81 | I5: النظام القديم | J5: نعم | K5: بدون تفصيل بنود في السجل
A6: 5 | B6: TNR | C6: ترحيل من تبوك إلى الرياض | D6: TNR-2938 | E6: 45980 | F6: TRANSACTIONS BETWEEN RIYADH -TABUK NURSERY | H6: 5724.13 | I6: النظام القديم | J6: نعم | K6: بدون تفصيل بنود في السجل
A7: 6 | B7: TNR | C7: ترحيل من تبوك إلى الرياض | D7: TNR-3201 | E7: 46001 | F7: TRANSACTIONS BETWEEN RIYADH -TABUK NURSERY | H7: 4232 | I7: النظام القديم | J7: نعم | K7: بدون تفصيل بنود في السجل
A8: 7 | B8: TNR | C8: ترحيل من تبوك إلى الرياض | D8: TNR-3441 | E8: 46023 | F8: TRANSACTIONS BETWEEN RIYADH - TABUK NURSERY | G8: 4 | H8: 8395 | I8: النظام القديم | J8: نعم
A9: 8 | B9: TNR | C9: ترحيل من تبوك إلى الرياض | D9: TRF-0120 | E9: 46217 | F9: تبوك ← الرياض | G9: 1 | H9: 7331.25 | I9: النظام الجديد | J9: نعم | K9: قيمة السند (PDF): 7,331.25 = 6,375.00 + ضريبة 15% | ملاحظة السند: تحويل مزرعة الرياض | ⚠ قيمة الأرشيف 7,375.00 تختلف عن السند 7,331.25 (فرق 43.75) – تم اعتماد السند
A10: 9 | B10: TNR | C10: ترحيل من تبوك إلى الرياض | D10: TRF-0188 | E10: 46231 | F10: تبوك ← الرياض | G10: 1 | H10: 934.38 | I10: النظام الجديد | J10: نعم | K10: قيمة السند (PDF): 934.38 = 812.50 + ضريبة 15% | ملاحظة السند: تحويل إلى مزرعة الرياض | ⚠ قيمة الأرشيف 937.50 تختلف عن السند 934.38 (فرق 3.12) – تم اعتماد السند
A11: 10 | B11: RNT | C11: ترحيل من الرياض إلى تبوك | D11: RNT-1789 | E11: 45863 | F11: TRANSACTIONS BETWEEN RIYADH -TABUK NURSERY | H11: 5483.2 | I11: النظام القديم | J11: لا | K11: قبل بداية الفترة 30-7-2025 – غير محسوب | بدون تفصيل بنود في السجل
A12: 11 | B12: RNT | C12: ترحيل من الرياض إلى تبوك | D12: RNT-2166 | E12: 45887 | F12: TRANSACTIONS BETWEEN RIYADH -TABUK NURSERY | H12: 7475 | I12: النظام القديم | J12: نعم | K12: بدون تفصيل بنود في السجل
A13: 12 | B13: RNT | C13: ترحيل من الرياض إلى تبوك | D13: RNT-2141 | E13: 45909 | F13: TRANSACTIONS BETWEEN RIYADH -TABUK NURSERY | H13: 8855 | I13: النظام القديم | J13: نعم | K13: بدون تفصيل بنود في السجل
A14: 13 | B14: RNT | C14: ترحيل من الرياض إلى تبوك | D14: RNT-2395 | E14: 45938 | F14: TRANSACTIONS BETWEEN RIYADH -TABUK NURSERY | H14: 34535.65 | I14: النظام القديم | J14: نعم | K14: بدون تفصيل بنود في السجل
A15: 14 | B15: RNT | C15: ترحيل من الرياض إلى تبوك | D15: RNT-3077 | E15: 45992 | F15: TRANSACTIONS BETWEEN RIYADH -TABUK NURSERY | H15: 4305.03 | I15: النظام القديم | J15: نعم | K15: بدون تفصيل بنود في السجل
A16: 15 | B16: RNT | C16: ترحيل من الرياض إلى تبوك | D16: RNT-3346 | E16: 46016 | F16: TRANSACTIONS BETWEEN RIYADH -TABUK NURSERY | H16: 1765.25 | I16: النظام القديم | J16: نعم | K16: بدون تفصيل بنود في السجل
A17: 16 | B17: RNT | C17: ترحيل من الرياض إلى تبوك | D17: RNT-3434 | E17: 46026 | F17: TRANSACTIONS BETWEEN RIYADH - TABUK NURSERY | G17: 1 | H17: 1380 | I17: النظام القديم | J17: نعم
A18: 17 | B18: RNT | C18: ترحيل من الرياض إلى تبوك | D18: RNT-3604 | E18: 46042 | F18: TRANSACTIONS BETWEEN RIYADH - TABUK NURSERY | G18: 3 | H18: 8504.25 | I18: النظام القديم | J18: نعم
A19: 18 | B19: RNT | C19: ترحيل من الرياض إلى تبوك | D19: RNT-3805 | E19: 46064 | F19: TRANSACTIONS BETWEEN RIYADH - TABUK NURSERY | G19: 6 | H19: 1681.88 | I19: النظام القديم | J19: نعم
A20: 19 | B20: RNT | C20: ترحيل من الرياض إلى تبوك | D20: TRF-0107 | E20: 46214 | F20: الرياض ← تبوك (Order 205) | G20: 9 | H20: 28146.25 | I20: النظام الجديد | J20: نعم | K20: قيمة السند (PDF): 28,146.25 = 24,475.00 + ضريبة 15% | ملاحظة السند: تحويل الشجيرات من الرياض إلى تبوك | ⚠ قيمة الأرشيف 32,149.00 تختلف عن السند 28,146.25 (فرق 4,002.75) – تم اعتماد السند
A21: 20 | B21: RNT | C21: ترحيل من الرياض إلى تبوك | D21: TRF-0122 | E21: 46217 | F21: الرياض ← تبوك (Order 2035) | G21: 1 | H21: 7038 | I21: النظام الجديد | J21: نعم | K21: قيمة السند (PDF): 7,038.00 = 6,120.00 + ضريبة 15% | ملاحظة السند: تحويل سيسبانيا لتبوك عدد 250 وعمل مرتجع 10 حبة مكسور | ⚠ قيمة الأرشيف 7,080.00 تختلف عن السند 7,038.00 (فرق 42.00) – تم اعتماد السند
A22: 21 | B22: RNP | C22: ترحيل إلى قسم المشاريع تبوك | D22: RNP-1787 | E22: 45863 | F22: NESMA ELSHARQ COMPANY-PROJECTS | H22: 18975 | I22: النظام القديم | J22: لا | K22: رقم العقد مكرر لحركتين مختلفتين | قبل بداية الفترة 30-7-2025 – غير محسوب | بدون تفصيل بنود في السجل
A23: 22 | B23: RNP | C23: ترحيل إلى قسم المشاريع تبوك | D23: RNP-1787 | E23: 45873 | F23: WHOLESALE DEPARTMENT RIYADH NURSERY | H23: 20872.5 | I23: النظام القديم | J23: نعم | K23: رقم العقد مكرر لحركتين مختلفتين | بدون تفصيل بنود في السجل
A24: 23 | B24: RNP | C24: ترحيل إلى قسم المشاريع تبوك | D24: RNP-2113 | E24: 45906 | F24: NESMA ELSHARQ COMPANY-PROJECTS | H24: 6325 | I24: النظام القديم | J24: نعم | K24: بدون تفصيل بنود في السجل
A25: 24 | B25: RNP | C25: ترحيل إلى قسم المشاريع تبوك | D25: RNP-2293 | E25: 45926 | F25: NESMA ELSHARQ COMPANY-PROJECTS | H25: 25300 | I25: النظام القديم | J25: نعم | K25: بدون تفصيل بنود في السجل
A26: 25 | B26: RNP | C26: ترحيل إلى قسم المشاريع تبوك | D26: RNP-2297 | E26: 45926 | F26: NESMA ELSHARQ COMPANY-PROJECTS | H26: 5433.75 | I26: النظام القديم | J26: نعم | K26: بدون تفصيل بنود في السجل
A27: 26 | B27: RNP | C27: ترحيل إلى قسم المشاريع تبوك | D27: RNP-2367 | E27: 45935 | F27: NESMA ELSHARQ COMPANY-PROJECTS | H27: 13.8 | I27: النظام القديم | J27: نعم | K27: بدون تفصيل بنود في السجل
A28: 27 | B28: RNP | C28: ترحيل إلى قسم المشاريع تبوك | D28: RNP-2427 | E28: 45938 | F28: NESMA ELSHARQ COMPANY-PROJECTS | H28: 7078.25 | I28: النظام القديم | J28: نعم | K28: بدون تفصيل بنود في السجل
A29: 28 | B29: RNP | C29: ترحيل إلى قسم المشاريع تبوك | D29: RNP-2512 | E29: 45947 | F29: NESMA ELSHARQ COMPANY-PROJECTS | H29: 3565 | I29: النظام القديم | J29: نعم | K29: بدون تفصيل بنود في السجل
A30: 29 | B30: RNP | C30: ترحيل إلى قسم المشاريع تبوك | D30: RNP-2608 | E30: 45954 | F30: NESMA ELSHARQ COMPANY-PROJECTS | H30: 12650 | I30: النظام القديم | J30: نعم | K30: بدون تفصيل بنود في السجل
A31: 30 | B31: RNP | C31: ترحيل إلى قسم المشاريع تبوك | D31: RNP-2704 | E31: 45962 | F31: NESMA ELSHARQ COMPANY-PROJECTS | H31: 2443.75 | I31: النظام القديم | J31: نعم | K31: بدون تفصيل بنود في السجل
A32: 31 | B32: RNP | C32: ترحيل إلى قسم المشاريع تبوك | D32: RNP-2748 | E32: 45964 | F32: NESMA ELSHARQ COMPANY-PROJECTS | H32: 646.88 | I32: النظام القديم | J32: نعم | K32: بدون تفصيل بنود في السجل
A33: 32 | B33: RNP | C33: ترحيل إلى قسم المشاريع تبوك | D33: RNP-2805 | E33: 45969 | F33: NESMA ELSHARQ COMPANY-PROJECTS | H33: 31740 | I33: النظام القديم | J33: نعم | K33: بدون تفصيل بنود في السجل
... A36: 35 | B36: RNP | C36: ترحيل إلى قسم المشاريع تبوك | D36: RNP-3276 | E36: 46011 | F36: NESMA ELSHARQ COMPANY-PROJECTS | H36: 5180.46 | I36: النظام القديم | J36: نعم | K36: بدون تفصيل بنود في السجل
A37: 36 | B37: RNP | C37: ترحيل إلى قسم المشاريع تبوك | D37: RNP-3432 | E37: 46026 | F37: NESMA ELSHARQ COMPANY- PROJECTS | G37: 2 | H37: 42435 | I37: النظام القديم | J37: نعم
A38: 37 | B38: RNP | C38: ترحيل إلى قسم المشاريع تبوك | D38: RNP-3433 | E38: 46026 | F38: NESMA ELSHARQ COMPANY- PROJECTS | G38: 4 | H38: 3760.5 | I38: النظام القديم | J38: نعم
A39: 38 | B39: RNP | C39: ترحيل إلى قسم المشاريع تبوك | D39: RNP-3491 | E39: 46029 | F39: NESMA ELSHARQ COMPANY- PROJECTS | G39: 3 | H39: 5284.25 | I39: النظام القديم | J39: نعم
A40: 39 | B40: RNP | C40: ترحيل إلى قسم المشاريع تبوك | D40: RNP-3520 | E40: 46033 | F40: NESMA ELSHARQ COMPANY- PROJECTS | G40: 1 | H40: 3795 | I40: النظام القديم | J40: نعم
A41: 40 | B41: RNP | C41: ترحيل إلى قسم المشاريع تبوك | D41: RNP-3586 | E41: 46039 | F41: NESMA ELSHARQ COMPANY-PROJECTS | H41: 97.75 | I41: النظام القديم | J41: نعم | K41: بدون تفصيل بنود في السجل
A42: 41 | B42: RNP | C42: ترحيل إلى قسم المشاريع تبوك | D42: RNP-3613 | E42: 46042 | F42: NESMA ELSHARQ COMPANY-PROJECTS | H42: 2708.25 | I42: النظام القديم | J42: نعم | K42: بدون تفصيل بنود في السجل
A43: 42 | B43: RNP | C43: ترحيل إلى قسم المشاريع تبوك | D43: RNP-3756 | E43: 46057 | F43: NESMA ELSHARQ COMPANY- PROJECTS | G43: 1 | H43: 747.5 | I43: النظام القديم | J43: نعم
A44: 43 | B44: RNP | C44: ترحيل إلى قسم المشاريع تبوك | D44: RNP-3767 | E44: 46059 | F44: NESMA ELSHARQ COMPANY- PROJECTS | G44: 2 | H44: 7423.25 | I44: النظام القديم | J44: نعم
A45: 44 | B45: RNP | C45: ترحيل إلى قسم المشاريع تبوك | D45: RNP-3839 | E45: 46068 | F45: NESMA ELSHARQ COMPANY- PROJECTS | G45: 4 | H45: 789.36 | I45: النظام القديم | J45: نعم
A46: 45 | B46: RNP | C46: ترحيل إلى قسم المشاريع تبوك | D46: ISV-0004 | E46: 46186 | F46: طلب: NS-REQ-005 | G46: 5 | H46: 1100 | I46: النظام الجديد | J46: نعم | K46: مرجع الطلب: NS-REQ-005 | ⚠ غير موجود في ملف الأرشيف السابق (transfer vouchers archive) – تمت إضافته من ملف التفصيل
A47: 46 | B47: RNP | C47: ترحيل إلى قسم المشاريع تبوك | D47: ISV-0005 | E47: 46186 | F47: طلب: NS-REQ-004 | G47: 6 | H47: 2200 | I47: النظام الجديد | J47: نعم | K47: مرجع الطلب: NS-REQ-004 | ⚠ غير موجود في ملف الأرشيف السابق (transfer vouchers archive) – تمت إضافته من ملف التفصيل
A48: 47 | B48: RNP | C48: ترحيل إلى قسم المشاريع تبوك | D48: ISV-0010 | E48: 46187 | F48: طلب: NS-REQ-007 | G48: 10 | H48: 4271 | I48: النظام الجديد | J48: نعم | K48: مرجع الطلب: NS-REQ-007 | ⚠ غير موجود في ملف الأرشيف السابق (transfer vouchers archive) – تمت إضافته من ملف التفصيل
A49: 48 | B49: RNP | C49: ترحيل إلى قسم المشاريع تبوك | D49: ISV-0011 | E49: 46187 | F49: طلب: NS-REQ-008 | G49: 1 | H49: 1100 | I49: النظام الجديد | J49: نعم | K49: مرجع الطلب: NS-REQ-008 | ⚠ غير موجود في ملف الأرشيف السابق (transfer vouchers archive) – تمت إضافته من ملف التفصيل | ⚠ مرجع الطلب NS-REQ-008 مستخدم في سندين (ISV-0011، ISV-0016)
A50: 49 | B50: RNP | C50: ترحيل إلى قسم المشاريع تبوك | D50: ISV-0016 | E50: 46190 | F50: طلب: NS-REQ-008 | G50: 1 | H50: 825 | I50: النظام الجديد | J50: نعم | K50: مرجع الطلب: NS-REQ-008 | ⚠ غير موجود في ملف الأرشيف السابق (transfer vouchers archive) – تمت إضافته من ملف التفصيل | ⚠ مرجع الطلب NS-REQ-008 مستخدم في سندين (ISV-0011، ISV-0016)
A51: 50 | B51: RNP | C51: ترحيل إلى قسم المشاريع تبوك | D51: ISV-0017 | E51: 46190 | F51: طلب: CD1-REQ-011 | G51: 1 | H51: 463 | I51: النظام الجديد | J51: نعم | K51: مرجع الطلب: CD1-REQ-011
A52: 51 | B52: RNP | C52: ترحيل إلى قسم المشاريع تبوك | D52: ISV-0026 | E52: 46195 | F52: طلب: NS-REQ-019 | G52: 1 | H52: 3825 | I52: النظام الجديد | J52: نعم | K52: مرجع الطلب: NS-REQ-019 | ⚠ غير موجود في ملف الأرشيف السابق (transfer vouchers archive) – تمت إضافته من ملف التفصيل
A53: 52 | B53: RNP | C53: ترحيل إلى قسم المشاريع تبوك | D53: ISV-0038 | E53: 46197 | F53: طلب: NS-REQ-026 | G53: 1 | H53: 1312.5 | I53: النظام الجديد | J53: نعم | K53: مرجع الطلب: NS-REQ-026 | ⚠ غير موجود في ملف الأرشيف السابق (transfer vouchers archive) – تمت إضافته من ملف التفصيل
A54: 53 | B54: RNP | C54: ترحيل إلى قسم المشاريع تبوك | D54: ISV-0048 | E54: 46200 | F54: طلب: NS-REQ-033 | G54: 2 | H54: 4400 | I54: النظام الجديد | J54: نعم | K54: مرجع الطلب: NS-REQ-033 | ⚠ غير موجود في ملف الأرشيف السابق (transfer vouchers archive) – تمت إضافته من ملف التفصيل
A55: 54 | B55: RNP | C55: ترحيل إلى قسم المشاريع تبوك | D55: ISV-0054 | E55: 46201 | F55: طلب: NS-REQ-035 | G55: 3 | H55: 19525 | I55: النظام الجديد | J55: نعم | K55: مرجع الطلب: NS-REQ-035 | ⚠ غير موجود في ملف الأرشيف السابق (transfer vouchers archive) – تمت إضافته من ملف التفصيل
A56: 55 | B56: RNP | C56: ترحيل إلى قسم المشاريع تبوك | D56: ISV-0066 | E56: 46203 | F56: طلب: NS-REQ-042 | G56: 2 | H56: 22000 | I56: النظام الجديد | J56: نعم | K56: مرجع الطلب: NS-REQ-042 | ⚠ غير موجود في ملف الأرشيف السابق (transfer vouchers archive) – تمت إضافته من ملف التفصيل
A57: 56 | B57: RNP | C57: ترحيل إلى قسم المشاريع تبوك | D57: ISV-0073 | E57: 46205 | F57: طلب: NS-REQ-046 | G57: 2 | H57: 5500 | I57: النظام الجديد | J57: نعم | K57: مرجع الطلب: NS-REQ-046 | ⚠ غير موجود في ملف الأرشيف السابق (transfer vouchers archive) – تمت إضافته من ملف التفصيل
A58: 57 | B58: RNP | C58: ترحيل إلى قسم المشاريع تبوك | D58: ISV-0075 | E58: 46207 | F58: REQ:رائد الخير | H58: 2750 | I58: النظام الجديد | J58: نعم | K58: موجود في الأرشيف فقط – بدون تفصيل بنود (2 بند)
A59: 58 | B59: RNP | C59: ترحيل إلى قسم المشاريع تبوك | D59: ISV-0081 | E59: 46209 | F59: طلب: NS-REQ-051 | G59: 8 | H59: 2768.5 | I59: النظام الجديد | J59: نعم | K59: مرجع الطلب: NS-REQ-051 | ⚠ غير موجود في ملف الأرشيف السابق (transfer vouchers archive) – تمت إضافته من ملف التفصيل
A60: 59 | B60: RNP | C60: ترحيل إلى قسم المشاريع تبوك | D60: ISV-0090 | E60: 46214 | F60: طلب: NS-REQ-058 | G60: 4 | H60: 990 | I60: النظام الجديد | J60: نعم | K60: مرجع الطلب: NS-REQ-058 | ⚠ غير موجود في ملف الأرشيف السابق (transfer vouchers archive) – تمت إضافته من ملف التفصيل
A61: 60 | B61: RNP | C61: ترحيل إلى قسم المشاريع تبوك | D61: ISV-0091 | E61: 46214 | F61: طلب: NS-REQ-059 | G61: 4 | H61: 330 | I61: النظام الجديد | J61: نعم | K61: مرجع الطلب: NS-REQ-059 | ⚠ غير موجود في ملف الأرشيف السابق (transfer vouchers archive) – تمت إضافته من ملف التفصيل
A62: 61 | B62: RNP | C62: ترحيل إلى قسم المشاريع تبوك | D62: ISV-0092 | E62: 46214 | F62: طلب: NS-REQ-061 | G62: 1 | H62: 825 | I62: النظام الجديد | J62: نعم | K62: مرجع الطلب: NS-REQ-061 | ⚠ غير موجود في ملف الأرشيف السابق (transfer vouchers archive) – تمت إضافته من ملف التفصيل
A63: 62 | B63: RNP | C63: ترحيل إلى قسم المشاريع تبوك | D63: ISV-0127 | E63: 46229 | F63: طلب: NS-REQ-083 | G63: 5 | H63: 1496 | I63: النظام الجديد | J63: نعم | K63: مرجع الطلب: NS-REQ-083 | ⚠ غير موجود في ملف الأرشيف السابق (transfer vouchers archive) – تمت إضافته من ملف التفصيل
A64: 63 | B64: RNP | C64: ترحيل إلى قسم المشاريع تبوك | D64: ISV-0128 | E64: 46229 | F64: طلب: NS-REQ-084 | G64: 7 | H64: 2670 | I64: النظام الجديد | J64: نعم | K64: مرجع الطلب: NS-REQ-084 | ⚠ غير موجود في ملف الأرشيف السابق (transfer vouchers archive) – تمت إضافته من ملف التفصيل
A65: 64 | B65: RNO | C65: صرف مواد للإنتاج – مزرعة الرياض | D65: RNO-1784 | E65: 45863 | F65: OPERATION RIYADH NURSERY | H65: 5179.26 | I65: النظام القديم | J65: لا | K65: قبل بداية الفترة 30-7-2025 – غير محسوب | بدون تفصيل بنود في السجل
A66: 65 | B66: RNO | C66: صرف مواد للإنتاج – مزرعة الرياض | D66: RNO-1799 | E66: 45865 | F66: OPERATION RIYADH NURSERY | H66: 350.75 | I66: النظام القديم | J66: لا | K66: قبل بداية الفترة 30-7-2025 – غير محسوب | بدون تفصيل بنود في السجل
A67: 66 | B67: RNO | C67: صرف مواد للإنتاج – مزرعة الرياض | D67: RNO-1814 | E67: 45867 | F67: OPERATION RIYADH NURSERY | H67: 7590 | I67: النظام القديم | J67: لا | K67: قبل بداية الفترة 30-7-2025 – غير محسوب | بدون تفصيل بنود في السجل
A68: 67 | B68: RNO | C68: صرف مواد للإنتاج – مزرعة الرياض | D68: RNO-1816 | E68: 45867 | F68: OPERATION RIYADH NURSERY | H68: 200.1 | I68: النظام القديم | J68: لا | K68: قبل بداية الفترة 30-7-2025 – غير محسوب | بدون تفصيل بنود في السجل
A69: 68 | B69: RNO | C69: صرف مواد للإنتاج – مزرعة الرياض | D69: RNO-1861 | E69: 45872 | F69: OPERATION RIYADH NURSERY | H69: 287.5 | I69: النظام القديم | J69: نعم | K69: بدون تفصيل بنود في السجل
A70: 69 | B70: RNO | C70: صرف مواد للإنتاج – مزرعة الرياض | D70: RNO-2176 | E70: 45873 | F70: OPERATION RIYADH NURSERY | H70: 1690.5 | I70: النظام القديم | J70: نعم | K70: بدون تفصيل بنود في السجل
A71: 70 | B71: RNO | C71: صرف مواد للإنتاج – مزرعة الرياض | D71: RNO-1890 | E71: 45878 | F71: OPERATION RIYADH NURSERY | H71: 4294.1 | I71: النظام القديم | J71: نعم | K71: بدون تفصيل بنود في السجل
A72: 71 | B72: RNO | C72: صرف مواد للإنتاج – مزرعة الرياض | D72: RNO-1895 | E72: 45878 | F72: OPERATION RIYADH NURSERY | H72: 3775 | I72: النظام القديم | J72: نعم | K72: بدون تفصيل بنود في السجل
A73: 72 | B73: RNO | C73: صرف مواد للإنتاج – مزرعة الرياض | D73: RNO-1899 | E73: 45878 | F73: OPERATION RIYADH NURSERY | H73: 9043 | I73: النظام القديم | J73: نعم | K73: بدون تفصيل بنود في السجل
A74: 73 | B74: RNO | C74: صرف مواد للإنتاج – مزرعة الرياض | D74: RNO-1900 | E74: 45878 | F74: OPERATION RIYADH NURSERY | H74: 7500 | I74: النظام القديم | J74: نعم | K74: بدون تفصيل بنود في السجل
A75: 74 | B75: RNO | C75: صرف مواد للإنتاج – مزرعة الرياض | D75: RNO-1922 | E75: 45882 | F75: OPERATION RIYADH NURSERY | H75: 2855.45 | I75: النظام القديم | J75: نعم | K75: بدون تفصيل بنود في السجل
A76: 75 | B76: RNO | C76: صرف مواد للإنتاج – مزرعة الرياض | D76: RNO-1940 | E76: 45885 | F76: OPERATION RIYADH NURSERY | H76: 3737.5 | I76: النظام القديم | J76: نعم | K76: بدون تفصيل بنود في السجل
... A184: 183 | B184: RNO | C184: صرف مواد للإنتاج – مزرعة الرياض | D184: RNO-3492 | E184: 46029 | F184: OPERATION RIYADH NURSERY | H184: 529 | I184: النظام القديم | J184: نعم | K184: بدون تفصيل بنود في السجل
A185: 184 | B185: RNO | C185: صرف مواد للإنتاج – مزرعة الرياض | D185: RNO-3525 | E185: 46033 | F185: OPERATION RIYADH NURSERY | G185: 2 | H185: 1069.5 | I185: النظام القديم | J185: نعم
A186: 185 | B186: RNO | C186: صرف مواد للإنتاج – مزرعة الرياض | D186: RNO-3558 | E186: 46036 | F186: OPERATION RIYADH NURSERY | G186: 2 | H186: 1909 | I186: النظام القديم | J186: نعم
A187: 186 | B187: RNO | C187: صرف مواد للإنتاج – مزرعة الرياض | D187: RNO-3624 | E187: 46046 | F187: OPERATION RIYADH NURSERY | G187: 2 | H187: 5359 | I187: النظام القديم | J187: نعم
A188: 187 | B188: RNO | C188: صرف مواد للإنتاج – مزرعة الرياض | D188: RNO-3637 | E188: 46048 | F188: OPERATION RIYADH NURSERY | G188: 2 | H188: 1230.5 | I188: النظام القديم | J188: نعم
A189: 188 | B189: RNO | C189: صرف مواد للإنتاج – مزرعة الرياض | D189: RNO-3673 | E189: 46049 | F189: OPERATION RIYADH NURSERY | G189: 2 | H189: 2603.6 | I189: النظام القديم | J189: نعم
A190: 189 | B190: RNO | C190: صرف مواد للإنتاج – مزرعة الرياض | D190: RNO-3684 | E190: 46050 | F190: OPERATION RIYADH NURSERY | G190: 9 | H190: 5577.5 | I190: النظام القديم | J190: نعم
A191: 190 | B191: RNO | C191: صرف مواد للإنتاج – مزرعة الرياض | D191: RNO-3695 | E191: 46051 | F191: OPERATION RIYADH NURSERY | H191: 1679 | I191: النظام القديم | J191: نعم | K191: بدون تفصيل بنود في السجل
A192: 191 | B192: RNO | C192: صرف مواد للإنتاج – مزرعة الرياض | D192: RNO-3707 | E192: 46054 | F192: OPERATION RIYADH NURSERY | G192: 16 | H192: 12882.3 | I192: النظام القديم | J192: نعم
A193: 192 | B193: RNO | C193: صرف مواد للإنتاج – مزرعة الرياض | D193: RNO-3762 | E193: 46058 | F193: OPERATION RIYADH NURSERY | G193: 3 | H193: 26234.38 | I193: النظام القديم | J193: نعم
A194: 193 | B194: RNO | C194: صرف مواد للإنتاج – مزرعة الرياض | D194: RNO-3777 | E194: 46061 | F194: OPERATION RIYADH NURSERY | G194: 7 | H194: 9674.38 | I194: النظام القديم | J194: نعم
A195: 194 | B195: RNO | C195: صرف مواد للإنتاج – مزرعة الرياض | D195: RNO-3800 | E195: 46063 | F195: OPERATION RIYADH NURSERY | G195: 11 | H195: 6039.8 | I195: النظام القديم | J195: نعم
A196: 195 | B196: RNO | C196: صرف مواد للإنتاج – مزرعة الرياض | D196: RNO-3829 | E196: 46065 | F196: OPERATION RIYADH NURSERY | G196: 4 | H196: 5417.08 | I196: النظام القديم | J196: نعم
A197: 196 | B197: RNO | C197: صرف مواد للإنتاج – مزرعة الرياض | D197: RNO-3832 | E197: 46066 | F197: OPERATION RIYADH NURSERY | G197: 4 | H197: 5550.48 | I197: النظام القديم | J197: نعم | K197: ⚠ مجموع البنود 5,274.48 لا يساوي إجمالي العقد 5,550.48 (فرق 276.00)
A198: 197 | B198: RNO | C198: صرف مواد للإنتاج – مزرعة الرياض | D198: RNO-3848 | E198: 46068 | F198: OPERATION RIYADH NURSERY | G198: 2 | H198: 2133.83 | I198: النظام القديم | J198: نعم
A199: 198 | B199: RNO | C199: صرف مواد للإنتاج – مزرعة الرياض | D199: RNO-3853 | E199: 46069 | F199: OPERATION RIYADH NURSERY | G199: 1 | H199: 69 | I199: النظام القديم | J199: نعم
A200: 199 | B200: RNO | C200: صرف مواد للإنتاج – مزرعة الرياض | D200: RNO-3862 | E200: 46070 | F200: OPERATION RIYADH NURSERY | G200: 16 | H200: 6766.03 | I200: النظام القديم | J200: نعم
A201: 200 | B201: RNO | C201: صرف مواد للإنتاج – مزرعة الرياض | D201: RNO-3879 | E201: 46072 | F201: OPERATION RIYADH NURSERY | G201: 1 | H201: 6555 | I201: النظام القديم | J201: نعم
A202: 201 | B202: RNO | C202: صرف مواد للإنتاج – مزرعة الرياض | D202: RNO-3906 | E202: 46075 | F202: OPERATION RIYADH NURSERY | G202: 5 | H202: 11440.78 | I202: النظام القديم | J202: نعم
A203: 202 | B203: RNO | C203: صرف مواد للإنتاج – مزرعة الرياض | D203: ISV-0002 | E203: 46186 | F203: PRODUCTION OPERATION-RN | G203: 2 | H203: 161.5 | I203: النظام الجديد | J203: نعم | K203: مرجع الطلب: RNPR-0012
A204: 203 | B204: RNO | C204: صرف مواد للإنتاج – مزرعة الرياض | D204: ISV-0003 | E204: 46186 | F204: PRODUCTION OPERATION-RN | G204: 1 | H204: 310.5 | I204: النظام الجديد | J204: نعم | K204: مرجع الطلب: RNPR-0013
A205: 204 | B205: RNO | C205: صرف مواد للإنتاج – مزرعة الرياض | D205: ISV-0008 | E205: 46187 | F205: PRODUCTION OPERATION-RN | G205: 5 | H205: 2796 | I205: النظام الجديد | J205: نعم | K205: مرجع الطلب: RNPR-0014
A206: 205 | B206: RNO | C206: صرف مواد للإنتاج – مزرعة الرياض | D206: ISV-0018 | E206: 46190 | F206: PRODUCTION OPERATION-RN | G206: 3 | H206: 3028 | I206: النظام الجديد | J206: نعم | K206: مرجع الطلب: RNPR-0016
A207: 206 | B207: RNO | C207: صرف مواد للإنتاج – مزرعة الرياض | D207: ISV-0023 | E207: 46194 | F207: PRODUCTION OPERATION-RN | G207: 2 | H207: 643.5 | I207: النظام الجديد | J207: نعم | K207: مرجع الطلب: RNPR-0017
A208: 207 | B208: RNO | C208: صرف مواد للإنتاج – مزرعة الرياض | D208: ISV-0042 | E208: 46198 | F208: PRODUCTION OPERATION-RN | G208: 3 | H208: 2125.5 | I208: النظام الجديد | J208: نعم | K208: مرجع الطلب: ORD-20260625090652
A209: 208 | B209: RNO | C209: صرف مواد للإنتاج – مزرعة الرياض | D209: ISV-0046 | E209: 46200 | F209: PRODUCTION OPERATION-RN | G209: 3 | H209: 895.5 | I209: النظام الجديد | J209: نعم | K209: مرجع الطلب: RNPR-0018
...

Sheet تفصيل البنود
A1: نوع الحركة | B1: رقم العقد | C1: التاريخ | D1: المصدر | E1: كود الصنف | F1: اسم الصنف | G1: الكمية | H1: الوحدة | I1: سعر الوحدة | J1: الإجمالي
A2: TNR | B2: TNR-3441 | C2: 46023 | D2: النظام القديم | E2: TN-OD456 | F2: دورانتا أخضر | G2: 1200 | H2: EA | I2: 2.5 | J2: 3450
A3: TNR | B3: TNR-3441 | C3: 46023 | D3: النظام القديم | E3: TN-OD454 | F3: تيكوماريا 50 سم | G3: 740 | H3: EA | I3: 2.5 | J3: 2127.5
A4: TNR | B4: TNR-3441 | C4: 46023 | D4: النظام القديم | E4: TN-OD458 | F4: اكاليفا | G4: 6 | H4: EA | I4: 25 | J4: 172.5
A5: TNR | B5: TNR-3441 | C5: 46023 | D5: النظام القديم | E5: TN-NPB | F5: حجر ديكورى ابيض مطفى :35 سم - 10 كجم | G5: 200 | H5: EA | I5: 11.5 | J5: 2645
B6: إجمالي TNR-3441 | G6: =SUM(G2:G5) | J6: =SUM(J2:J5)
A7: TNR | B7: TRF-0120 | C7: 46217 | D7: النظام الجديد | E7: OD373 | F7: سيسبانيا 1-2 متر | G7: 250 | H7: EA | I7: 25.5 | J7: 7331.25
B8: إجمالي TRF-0120 | G8: =SUM(G7:G7) | J8: =SUM(J7:J7)
A9: TNR | B9: TRF-0188 | C9: 46231 | D9: النظام الجديد | E9: FR368 | F9: بيرلايت 100 لتر | G9: 25 | H9: EA | I9: 32.5 | J9: 934.37
B10: إجمالي TRF-0188 | G10: =SUM(G9:G9) | J10: =SUM(J9:J9)
A11: RNT | B11: RNT-3434 | C11: 46026 | D11: النظام القديم | E11: RN-OD561 | F11: زهور مارى جولد | G11: 2000 | H11: EA | I11: 0.6 | J11: 1380
B12: إجمالي RNT-3434 | G12: =SUM(G11:G11) | J12: =SUM(J11:J11)
A13: RNT | B13: RNT-3604 | C13: 46042 | D13: النظام القديم | E13: RN-ID1501 | F13: ترادسكانتيا ان اس مركن19 سم عالقى | G13: 270 | H13: EA | I13: 8.5 | J13: 2639.25
A14: RNT | B14: RNT-3604 | C14: 46042 | D14: النظام القديم | E14: RN-OD694 | F14: كالنشو هولندى مركن12 سم | G14: 1500 | H14: EA | I14: 3 | J14: 5175
A15: RNT | B15: RNT-3604 | C15: 46042 | D15: النظام القديم | E15: RN-OD641 | F15: زهور قرنفل صيني مركن9 سم | G15: 1000 | H15: EA | I15: 0.6 | J15: 690
B16: إجمالي RNT-3604 | G16: =SUM(G13:G15) | J16: =SUM(J13:J15)
A17: RNT | B17: RNT-3805 | C17: 46064 | D17: النظام القديم | E17: RN-OD696 | F17: زهور اقحوان افريقي مركن9 سم | G17: 150 | H17: EA | I17: 1.5 | J17: 258.75
A18: RNT | B18: RNT-3805 | C18: 46064 | D18: النظام القديم | E18: RN-OD695 | F18: زهور اقحوان افريقي هولندى مركن12 سم | G18: 90 | H18: EA | I18: 3 | J18: 310.5
A19: RNT | B19: RNT-3805 | C19: 46064 | D19: النظام القديم | E19: RN-OD636 | F19: زهور منثور مركن9 سم | G19: 150 | H19: EA | I19: 0.55 | J19: 94.875
A20: RNT | B20: RNT-3805 | C20: 46064 | D20: النظام القديم | E20: RN-OD693 | F20: زهور جيرانيوم هولندى مركن12 سم | G20: 180 | H20: EA | I20: 3 | J20: 621
A21: RNT | B21: RNT-3805 | C21: 46064 | D21: النظام القديم | E21: RN-OD639 | F21: زهور قرنفل امريكي مركن12 سم | G21: 90 | H21: EA | I21: 2.5 | J21: 258.75
A22: RNT | B22: RNT-3805 | C22: 46064 | D22: النظام القديم | E22: RN-OD643 | F22: زهور سينيراريا مركن12 سم | G22: 48 | H22: EA | I22: 2.5 | J22: 138
B23: إجمالي RNT-3805 | G23: =SUM(G17:G22) | J23: =SUM(J17:J22)
A24: RNT | B24: TRF-0107 | C24: 46214 | D24: النظام الجديد | E24: ID1500 | F24: سكندابسس ان اس مركن 19 سم علاقي | G24: 300 | H24: EA | I24: 9.5 | J24: 3277.5
A25: RNT | B25: TRF-0107 | C25: 46214 | D25: النظام الجديد | E25: ID1504 | F25: هيدرا علاقي ان اس مركن 19 سم | G25: 100 | H25: EA | I25: 7 | J25: 805
A26: RNT | B26: TRF-0107 | C26: 46214 | D26: النظام الجديد | E26: OD373 | F26: سيسبانيا 1-2 متر | G26: 250 | H26: EA | I26: 25.5 | J26: 7331.25
A27: RNT | B27: TRF-0107 | C27: 46214 | D27: النظام الجديد | E27: OD456 | F27: دورانتا أخضر | G27: 1290 | H27: EA | I27: 2.5 | J27: 3708.75
A28: RNT | B28: TRF-0107 | C28: 46214 | D28: النظام الجديد | E28: OD458 | F28: اكاليفا | G28: 60 | H28: EA | I28: 2.5 | J28: 172.5
A29: RNT | B29: TRF-0107 | C29: 46214 | D29: النظام الجديد | E29: OD467 | F29: فل بلدي | G29: 450 | H29: EA | I29: 2.5 | J29: 1293.75
A30: RNT | B30: TRF-0107 | C30: 46214 | D30: النظام الجديد | E30: OD454 | F30: تيكوماريا 50 سم | G30: 2384 | H30: EA | I30: 2.5 | J30: 6854
A31: RNT | B31: TRF-0107 | C31: 46214 | D31: النظام الجديد | E31: OD491 | F31: ياسمين أزرق | G31: 580 | H31: EA | I31: 2.5 | J31: 1667.5
A32: RNT | B32: TRF-0107 | C32: 46214 | D32: النظام الجديد | E32: OD703 | F32: تجيل كروي مركن 9 سم | G32: 2400 | H32: EA | I32: 1.1 | J32: 3036
B33: إجمالي TRF-0107 | G33: =SUM(G24:G32) | J33: =SUM(J24:J32)
A34: RNT | B34: TRF-0122 | C34: 46217 | D34: النظام الجديد | E34: OD373 | F34: سيسبانيا 1-2 متر | G34: 240 | H34: EA | I34: 25.5 | J34: 7038
B35: إجمالي TRF-0122 | G35: =SUM(G34:G34) | J35: =SUM(J34:J34)
A36: RNP | B36: RNP-3432 | C36: 46026 | D36: النظام القديم | E36: RN-OD620 | F36: زهور جيرانيوم مركن12 سم | G36: 17900 | H36: EA | I36: 2 | J36: 41170
A37: RNP | B37: RNP-3432 | C37: 46026 | D37: النظام القديم | E37: RN-OD642 | F37: زهور اليسوم مركن9 سم | G37: 2000 | H37: EA | I37: 0.55 | J37: 1265
B38: إجمالي RNP-3432 | G38: =SUM(G36:G37) | J38: =SUM(J36:J37)
A39: RNP | B39: RNP-3433 | C39: 46026 | D39: النظام القديم | E39: RN-OD603 | F39: زهور جرانيوم مركن9 سم | G39: 1400 | H39: EA | I39: 0.9 | J39: 1449
A40: RNP | B40: RNP-3433 | C40: 46026 | D40: النظام القديم | E40: RN-OD560 | F40: زهور بيتونيا | G40: 1000 | H40: EA | I40: 0.55 | J40: 632.5
A41: RNP | B41: RNP-3433 | C41: 46026 | D41: النظام القديم | E41: RN-OD561 | F41: زهور مارى جولد | G41: 600 | H41: EA | I41: 0.6 | J41: 414
A42: RNP | B42: RNP-3433 | C42: 46026 | D42: النظام القديم | E42: RN-OD642 | F42: زهور اليسوم مركن9 سم | G42: 2000 | H42: EA | I42: 0.55 | J42: 1265
B43: إجمالي RNP-3433 | G43: =SUM(G39:G42) | J43: =SUM(J39:J42)
A44: RNP | B44: RNP-3491 | C44: 46029 | D44: النظام القديم | E44: RN-OD560 | F44: زهور بيتونيا | G44: 2200 | H44: EA | I44: 0.55 | J44: 1391.5
A45: RNP | B45: RNP-3491 | C45: 46029 | D45: النظام القديم | E45: RN-OD642 | F45: زهور اليسوم مركن9 سم | G45: 700 | H45: EA | I45: 0.55 | J45: 442.75
A46: RNP | B46: RNP-3491 | C46: 46029 | D46: النظام القديم | E46: RN-OD456 | F46: دورانتا اخضر | G46: 1200 | H46: EA | I46: 2.5 | J46: 3450
B47: إجمالي RNP-3491 | G47: =SUM(G44:G46) | J47: =SUM(J44:J46)
A48: RNP | B48: RNP-3520 | C48: 46033 | D48: النظام القديم | E48: RN-OD560 | F48: زهور بيتونيا | G48: 6000 | H48: EA | I48: 0.55 | J48: 3795
B49: إجمالي RNP-3520 | G49: =SUM(G48:G48) | J49: =SUM(J48:J48)
A50: RNP | B50: RNP-3756 | C50: 46057 | D50: النظام القديم | E50: RN-OD411 | F50: ياسمين هندي كبير | G50: 20 | H50: EA | I50: 32.5 | J50: 747.5
B51: إجمالي RNP-3756 | G51: =SUM(G50:G50) | J51: =SUM(J50:J50)
A52: RNP | B52: RNP-3767 | C52: 46059 | D52: النظام القديم | E52: RN-OD695 | F52: زهور اقحوان افريقي هولندى مركن12 سم | G52: 1785 | H52: EA | I52: 3 | J52: 6158.25
A53: RNP | B53: RNP-3767 | C53: 46059 | D53: النظام القديم | E53: RN-OD634 | F53: زهور ملفوف براسيكا مركن9 سم | G53: 2000 | H53: EA | I53: 0.55 | J53: 1265
B54: إجمالي RNP-3767 | G54: =SUM(G52:G53) | J54: =SUM(J52:J53)
A55: RNP | B55: RNP-3839 | C55: 46068 | D55: النظام القديم | E55: RN-OD560 | F55: زهور بيتونيا | G55: 312 | H55: EA | I55: 0.55 | J55: 197.34
A56: RNP | B56: RNP-3839 | C56: 46068 | D56: النظام القديم | E56: RN-OD636 | F56: زهور منثور مركن9 سم | G56: 312 | H56: EA | I56: 0.55 | J56: 197.34
A57: RNP | B57: RNP-3839 | C57: 46068 | D57: النظام القديم | E57: RN-OD637 | F57: زهور سالفيا مركن9 سم | G57: 312 | H57: EA | I57: 0.55 | J57: 197.34
A58: RNP | B58: RNP-3839 | C58: 46068 | D58: النظام القديم | E58: RN-OD634 | F58: زهور ملفوف براسيكا مركن9 سم | G58: 312 | H58: EA | I58: 0.55 | J58: 197.34
B59: إجمالي RNP-3839 | G59: =SUM(G55:G58) | J59: =SUM(J55:J58)
A60: RNP | B60: ISV-0004 | C60: 46186 | D60: النظام الجديد | E60: SF144 | F60: زهور امرانتس مركن 9 سم أحمر | G60: 500 | H60: EA | I60: 0.55 | J60: 275
A61: RNP | B61: ISV-0004 | C61: 46186 | D61: النظام الجديد | E61: SF149 | F61: زهور فضية مركن 9 سم فضي | G61: 300 | H61: EA | I61: 0.55 | J61: 165
A62: RNP | B62: ISV-0004 | C62: 46186 | D62: النظام الجديد | E62: SF123 | F62: زهور زينيا سنجل مركن 9 سم أبيض | G62: 400 | H62: EA | I62: 0.55 | J62: 220
A63: RNP | B63: ISV-0004 | C63: 46186 | D63: النظام الجديد | E63: SF125 | F63: زهور زينيا سنجل مركن 9 سم أصفر | G63: 400 | H63: EA | I63: 0.55 | J63: 220
A64: RNP | B64: ISV-0004 | C64: 46186 | D64: النظام الجديد | E64: SF124 | F64: زهور زينيا سنجل مركن 9 سم أحمر | G64: 400 | H64: EA | I64: 0.55 | J64: 220
B65: إجمالي ISV-0004 | G65: =SUM(G60:G64) | J65: =SUM(J60:J64)
A66: RNP | B66: ISV-0005 | C66: 46186 | D66: النظام الجديد | E66: SF97 | F66: فينكا روزا مركن 9 سم أبيض | G66: 650 | H66: EA | I66: 0.55 | J66: 357.5
A67: RNP | B67: ISV-0005 | C67: 46186 | D67: النظام الجديد | E67: SF98 | F67: فينكا روزا مركن 9 سم أحمر | G67: 650 | H67: EA | I67: 0.55 | J67: 357.5
A68: RNP | B68: ISV-0005 | C68: 46186 | D68: النظام الجديد | E68: SF99 | F68: فينكا روزا مركن 9 سم أحمر نقطة بيضاء | G68: 650 | H68: EA | I68: 0.55 | J68: 357.5
A69: RNP | B69: ISV-0005 | C69: 46186 | D69: النظام الجديد | E69: SF100 | F69: فينكا روزا مركن 9 سم أبيض نقطة حمراء | G69: 650 | H69: EA | I69: 0.55 | J69: 357.5
A70: RNP | B70: ISV-0005 | C70: 46186 | D70: النظام الجديد | E70: SF105 | F70: فينكا روزا مركن 9 سم برغندي | G70: 750 | H70: EA | I70: 0.55 | J70: 412.5
A71: RNP | B71: ISV-0005 | C71: 46186 | D71: النظام الجديد | E71: SF106 | F71: فينكا روزا مركن 9 سم برغندي هالو | G71: 650 | H71: EA | I71: 0.55 | J71: 357.5
B72: إجمالي ISV-0005 | G72: =SUM(G66:G71) | J72: =SUM(J66:J71)
A73: RNP | B73: ISV-0010 | C73: 46187 | D73: النظام الجديد | E73: SF126 | F73: زهور زينيا سنجل مركن 9 سم برتقالي | G73: 700 | H73: EA | I73: 0.55 | J73: 385
A74: RNP | B74: ISV-0010 | C74: 46187 | D74: النظام الجديد | E74: SF128 | F74: زهور زينيا سنجل مركن 9 سم ليموني | G74: 700 | H74: EA | I74: 0.55 | J74: 385
A75: RNP | B75: ISV-0010 | C75: 46187 | D75: النظام الجديد | E75: SF129 | F75: زهور زينيا سنجل مركن 9 سم كرزي | G75: 700 | H75: EA | I75: 0.55 | J75: 385
A76: RNP | B76: ISV-0010 | C76: 46187 | D76: النظام الجديد | E76: SF123 | F76: زهور زينيا سنجل مركن 9 سم أبيض | G76: 900 | H76: EA | I76: 0.55 | J76: 495
A77: RNP | B77: ISV-0010 | C77: 46187 | D77: النظام الجديد | E77: SF124 | F77: زهور زينيا سنجل مركن 9 سم أحمر | G77: 500 | H77: EA | I77: 0.55 | J77: 275
A78: RNP | B78: ISV-0010 | C78: 46187 | D78: النظام الجديد | E78: SF108 | F78: فينكا روزا مركن 9 سم أوركيد عميق | G78: 2500 | H78: EA | I78: 0.55 | J78: 1375
A79: RNP | B79: ISV-0010 | C79: 46187 | D79: النظام الجديد | E79: SF102 | F79: فينكا روزا مركن 9 سم مشمشي | G79: 1000 | H79: EA | I79: 0.55 | J79: 550
A80: RNP | B80: ISV-0010 | C80: 46187 | D80: النظام الجديد | E80: OD462 | F80: رويليا | G80: 94 | H80: EA | I80: 2.5 | J80: 235
A81: RNP | B81: ISV-0010 | C81: 46187 | D81: النظام الجديد | E81: OD371 | F81: اكاسيا جلوكا 1-2 متر | G81: 6 | H81: EA | I81: 25.5 | J81: 153
A82: RNP | B82: ISV-0010 | C82: 46187 | D82: النظام الجديد | E82: OD630 | F82: كف مريم 1.5 : 2 م | G82: 6 | H82: EA | I82: 5.5 | J82: 33
B83: إجمالي ISV-0010 | G83: =SUM(G73:G82) | J83: =SUM(J73:J82)
A84: RNP | B84: ISV-0011 | C84: 46187 | D84: النظام الجديد | E84: SF131 | F84: زهور زينيا سنجل مركن 9 سم أحمر وأصفر ثنائي | G84: 2000 | H84: EA | I84: 0.55 | J84: 1100
B85: إجمالي ISV-0011 | G85: =SUM(G84:G84) | J85: =SUM(J84:J84)
A86: RNP | B86: ISV-0016 | C86: 46190 | D86: النظام الجديد | E86: SF131 | F86: زهور زينيا سنجل مركن 9 سم أحمر وأصفر ثنائي | G86: 1500 | H86: EA | I86: 0.55 | J86: 825
B87: إجمالي ISV-0016 | G87: =SUM(G86:G86) | J87: =SUM(J86:J86)
A88: RNP | B88: ISV-0017 | C88: 46190 | D88: النظام الجديد | E88: OD486 | F88: جهنمية كروية تايلندى صغير | G88: 2 | H88: EA | I88: 231.5 | J88: 463
B89: إجمالي ISV-0017 | G89: =SUM(G88:G88) | J89: =SUM(J88:J88)
A90: RNP | B90: ISV-0026 | C90: 46195 | D90: النظام الجديد | E90: OD371 | F90: اكاسيا جلوكا 1-2 متر | G90: 150 | H90: EA | I90: 25.5 | J90: 3825
B91: إجمالي ISV-0026 | G91: =SUM(G90:G90) | J91: =SUM(J90:J90)
A92: RNP | B92: ISV-0038 | C92: 46197 | D92: النظام الجديد | E92: OD487 | F92: جهنمية كروية تايلندى كبير | G92: 5 | H92: EA | I92: 262.5 | J92: 1312.5
B93: إجمالي ISV-0038 | G93: =SUM(G92:G92) | J93: =SUM(J92:J92)
A94: RNP | B94: ISV-0048 | C94: 46200 | D94: النظام الجديد | E94: SF98 | F94: فينكا روزا مركن 9 سم أحمر | G94: 4000 | H94: EA | I94: 0.55 | J94: 2200
A95: RNP | B95: ISV-0048 | C95: 46200 | D95: النظام الجديد | E95: SF97 | F95: فينكا روزا مركن 9 سم أبيض | G95: 4000 | H95: EA | I95: 0.55 | J95: 2200
B96: إجمالي ISV-0048 | G96: =SUM(G94:G95) | J96: =SUM(J94:J95)
A97: RNP | B97: ISV-0054 | C97: 46201 | D97: النظام الجديد | E97: SF97 | F97: فينكا روزا مركن 9 سم أبيض | G97: 15000 | H97: EA | I97: 0.55 | J97: 8250
A98: RNP | B98: ISV-0054 | C98: 46201 | D98: النظام الجديد | E98: SF108 | F98: فينكا روزا مركن 9 سم أوركيد عميق | G98: 15000 | H98: EA | I98: 0.55 | J98: 8250
A99: RNP | B99: ISV-0054 | C99: 46201 | D99: النظام الجديد | E99: SF105 | F99: فينكا روزا مركن 9 سم برغندي | G99: 5500 | H99: EA | I99: 0.55 | J99: 3025
B100: إجمالي ISV-0054 | G100: =SUM(G97:G99) | J100: =SUM(J97:J99)
...

Sheet الكميات حسب الصنف
A1: نوع الحركة | B1: البيان | C1: كود الصنف | D1: اسم الصنف | E1: إجمالي الكمية | F1: إجمالي القيمة | G1: عدد العقود
A2: TNR | B2: ترحيل من تبوك إلى الرياض | C2: FR368 | D2: بيرلايت 100 لتر | E2: 25 | F2: 934.37 | G2: 1
A3: TNR | B3: ترحيل من تبوك إلى الرياض | C3: NPB | D3: حجر ديكورى ابيض مطفى :35 سم - 10 كجم | E3: 200 | F3: 2645 | G3: 1
A4: TNR | B4: ترحيل من تبوك إلى الرياض | C4: OD373 | D4: سيسبانيا 1-2 متر | E4: 250 | F4: 7331.25 | G4: 1
A5: TNR | B5: ترحيل من تبوك إلى الرياض | C5: OD454 | D5: تيكوماريا 50 سم | E5: 740 | F5: 2127.5 | G5: 1
A6: TNR | B6: ترحيل من تبوك إلى الرياض | C6: OD456 | D6: دورانتا أخضر | E6: 1200 | F6: 3450 | G6: 1
A7: TNR | B7: ترحيل من تبوك إلى الرياض | C7: OD458 | D7: اكاليفا | E7: 6 | F7: 172.5 | G7: 1
B8: إجمالي ترحيل من تبوك إلى الرياض | E8: =SUM(E2:E7) | F8: =SUM(F2:F7)
A9: RNT | B9: ترحيل من الرياض إلى تبوك | C9: ID1500 | D9: سكندابسس ان اس مركن 19 سم علاقي | E9: 300 | F9: 3277.5 | G9: 1
A10: RNT | B10: ترحيل من الرياض إلى تبوك | C10: ID1501 | D10: ترادسكانتيا ان اس مركن19 سم عالقى | E10: 270 | F10: 2639.25 | G10: 1
A11: RNT | B11: ترحيل من الرياض إلى تبوك | C11: ID1504 | D11: هيدرا علاقي ان اس مركن 19 سم | E11: 100 | F11: 805 | G11: 1
A12: RNT | B12: ترحيل من الرياض إلى تبوك | C12: OD373 | D12: سيسبانيا 1-2 متر | E12: 490 | F12: 14369.25 | G12: 2
A13: RNT | B13: ترحيل من الرياض إلى تبوك | C13: OD454 | D13: تيكوماريا 50 سم | E13: 2384 | F13: 6854 | G13: 1
A14: RNT | B14: ترحيل من الرياض إلى تبوك | C14: OD456 | D14: دورانتا أخضر | E14: 1290 | F14: 3708.75 | G14: 1
A15: RNT | B15: ترحيل من الرياض إلى تبوك | C15: OD458 | D15: اكاليفا | E15: 60 | F15: 172.5 | G15: 1
A16: RNT | B16: ترحيل من الرياض إلى تبوك | C16: OD467 | D16: فل بلدي | E16: 450 | F16: 1293.75 | G16: 1
A17: RNT | B17: ترحيل من الرياض إلى تبوك | C17: OD491 | D17: ياسمين أزرق | E17: 580 | F17: 1667.5 | G17: 1
A18: RNT | B18: ترحيل من الرياض إلى تبوك | C18: OD561 | D18: زهور مارى جولد | E18: 2000 | F18: 1380 | G18: 1
A19: RNT | B19: ترحيل من الرياض إلى تبوك | C19: OD636 | D19: زهور منثور مركن9 سم | E19: 150 | F19: 94.88 | G19: 1
A20: RNT | B20: ترحيل من الرياض إلى تبوك | C20: OD639 | D20: زهور قرنفل امريكي مركن12 سم | E20: 90 | F20: 258.75 | G20: 1
... A27: RNT | B27: ترحيل من الرياض إلى تبوك | C27: OD703 | D27: تجيل كروي مركن 9 سم | E27: 2400 | F27: 3036 | G27: 1
B28: إجمالي ترحيل من الرياض إلى تبوك | E28: =SUM(E9:E27) | F28: =SUM(F9:F27)
A29: RNP | B29: ترحيل إلى قسم المشاريع تبوك | C29: ID1501 | D29: ترادسكانتيا ان اس مركن 19 سم علاقى | E29: 25 | F29: 237.5 | G29: 1
A30: RNP | B30: ترحيل إلى قسم المشاريع تبوك | C30: OD371 | D30: اكاسيا جلوكا 1-2 متر | E30: 156 | F30: 3978 | G30: 2
A31: RNP | B31: ترحيل إلى قسم المشاريع تبوك | C31: OD404 | D31: فيكس بندا 50 سم | E31: 10 | F31: 25 | G31: 1
A32: RNP | B32: ترحيل إلى قسم المشاريع تبوك | C32: OD411 | D32: ياسمين هندي كبير | E32: 20 | F32: 747.5 | G32: 1
A33: RNP | B33: ترحيل إلى قسم المشاريع تبوك | C33: OD454 | D33: تيكوماريا 50 سم | E33: 250 | F33: 625 | G33: 1
A34: RNP | B34: ترحيل إلى قسم المشاريع تبوك | C34: OD456 | D34: دورانتا اخضر | E34: 1200 | F34: 3450 | G34: 1
A35: RNP | B35: ترحيل إلى قسم المشاريع تبوك | C35: OD462 | D35: رويليا | E35: 94 | F35: 235 | G35: 1
A36: RNP | B36: ترحيل إلى قسم المشاريع تبوك | C36: OD479 | D36: جهنمية بلدى واحد عود 1 متر | E36: 10 | F36: 60 | G36: 1
A37: RNP | B37: ترحيل إلى قسم المشاريع تبوك | C37: OD486 | D37: جهنمية كروية تايلندى صغير | E37: 2 | F37: 463 | G37: 1
A38: RNP | B38: ترحيل إلى قسم المشاريع تبوك | C38: OD487 | D38: جهنمية كروية تايلندى كبير | E38: 5 | F38: 1312.5 | G38: 1
A39: RNP | B39: ترحيل إلى قسم المشاريع تبوك | C39: OD501 | D39: نخيل سايكس 40 سم | E39: 3 | F39: 1191 | G39: 1
A40: RNP | B40: ترحيل إلى قسم المشاريع تبوك | C40: OD560 | D40: زهور بيتونيا | E40: 9512 | F40: 6016.34 | G40: 4
... A66: RNP | B66: ترحيل إلى قسم المشاريع تبوك | C66: SF99 | D66: فينكا روزا مركن 9 سم أحمر نقطة بيضاء | E66: 2450 | F66: 1347.5 | G66: 4
B67: إجمالي ترحيل إلى قسم المشاريع تبوك | E67: =SUM(E29:E66) | F67: =SUM(F29:F66)
A68: RNO | B68: صرف مواد للإنتاج – مزرعة الرياض | C68: FR1004 | D68: حديد مخلبي 16 كجم | E68: 3 | F68: 207 | G68: 3
A69: RNO | B69: صرف مواد للإنتاج – مزرعة الرياض | C69: FR1017 | D69: بوتنج سويل 70 لتر (KLAS) | E69: 87 | F69: 4429.8 | G69: 8
A70: RNO | B70: صرف مواد للإنتاج – مزرعة الرياض | C70: FR1018 | D70: فيرموكلايت 100 لتر | E70: 11 | F70: 903.75 | G70: 6
A71: RNO | B71: صرف مواد للإنتاج – مزرعة الرياض | C71: FR1022 | D71: اجري فير شيلات حديد 6% 1 كجم | E71: 4 | F71: 172 | G71: 4
A72: RNO | B72: صرف مواد للإنتاج – مزرعة الرياض | C72: FR1023 | D72: سماد سنجر 20-20-20 + ع ن (25 كجم) | E72: 2 | F72: 632.5 | G72: 2
A73: RNO | B73: صرف مواد للإنتاج – مزرعة الرياض | C73: FR1033 | D73: بيتموس تي اس مخصب 210 لتر | E73: 147 | F73: 16214.62 | G73: 12
A74: RNO | B74: صرف مواد للإنتاج – مزرعة الرياض | C74: FR368 | D74: بيرلايت 100 لتر | E74: 43 | F74: 1524.25 | G74: 12
A75: RNO | B75: صرف مواد للإنتاج – مزرعة الرياض | C75: ID1503 | D75: هيدرا ان اس مركن9 سم | E75: 950 | F75: 2305 | G75: 2
A76: RNO | B76: صرف مواد للإنتاج – مزرعة الرياض | C76: OD371 | D76: اكاسيا جلوكا 1-2 متر | E76: 768 | F76: 19584 | G76: 1
A77: RNO | B77: صرف مواد للإنتاج – مزرعة الرياض | C77: PL1 | D77: مركن زراعي خفيف ملون 9 سم | E77: 106000 | F77: 6660 | G77: 10
A78: RNO | B78: صرف مواد للإنتاج – مزرعة الرياض | C78: PL12 | D78: صندوق - فلين للزهور | E78: 16888 | F78: 74575 | G78: 13
A79: RNO | B79: صرف مواد للإنتاج – مزرعة الرياض | C79: PL14 | D79: مركن زراعي علاقي 19 سم | E79: 2100 | F79: 5531.25 | G79: 3
... A121: RNO | B121: صرف مواد للإنتاج – مزرعة الرياض | C121: SE90 | D121: - جذور بيلكترانثوس فير واى بينك غامق | E121: 5000 | F121: 201.25 | G121: 1
B122: إجمالي صرف مواد للإنتاج – مزرعة الرياض | E122: =SUM(E68:E121) | F122: =SUM(F68:F121)
A123: RNL | B123: كميات هالكة ومفقودة | C123: OD560 | D123: زهور بيتونيا | E123: 12400 | F123: 7843 | G123: 6
A124: RNL | B124: كميات هالكة ومفقودة | C124: OD564 | D124: زهور امرانتس | E124: 150 | F124: 94.88 | G124: 1
A125: RNL | B125: كميات هالكة ومفقودة | C125: OD603 | D125: زهور جرانيوم مركن9 سم | E125: 150 | F125: 155.25 | G125: 1
A126: RNL | B126: كميات هالكة ومفقودة | C126: OD635 | D126: زهور فم السمكة مركن9 سم | E126: 2425 | F126: 1533.81 | G126: 5
A127: RNL | B127: كميات هالكة ومفقودة | C127: OD637 | D127: زهور سالفيا مركن9 سم | E127: 400 | F127: 253 | G127: 1
A128: RNL | B128: كميات هالكة ومفقودة | C128: OD642 | D128: زهور اليسوم مركن9 سم | E128: 300 | F128: 189.75 | G128: 1
A129: RNL | B129: كميات هالكة ومفقودة | C129: OD694 | D129: كالنشو هولندى مركن12 سم | E129: 20 | F129: 69 | G129: 1
A130: RNL | B130: كميات هالكة ومفقودة | C130: OD695 | D130: زهور اقحوان افريقي هولندى مركن12 سم | E130: 20 | F130: 69 | G130: 1
A131: RNL | B131: كميات هالكة ومفقودة | C131: SF100 | D131: فينكا روزا مركن 9 سم أبيض نقطة حمراء | E131: 2675 | F131: 1471.25 | G131: 5
A132: RNL | B132: كميات هالكة ومفقودة | C132: SF102 | D132: فينكا روزا مركن 9 سم مشمشي | E132: 2425 | F132: 1333.75 | G132: 5
A133: RNL | B133: كميات هالكة ومفقودة | C133: SF103 | D133: فينكا روزا مركن 9 سم بينك (وردي) | E133: 2250 | F133: 1237.5 | G133: 2
A134: RNL | B134: كميات هالكة ومفقودة | C134: SF105 | D134: فينكا روزا مركن 9 سم برغندي | E134: 10295 | F134: 5662.25 | G134: 8
... A153: RNL | B153: كميات هالكة ومفقودة | C153: SF99 | D153: فينكا روزا مركن 9 سم أحمر نقطة بيضاء | E153: 3575 | F153: 1966.25 | G153: 5
B154: إجمالي كميات هالكة ومفقودة | E154: =SUM(E123:E153) | F154: =SUM(F123:F153)
