Workbook

Sheet ملخص الشركاء
A1: ملخص حساب الشريكين مع مزرعة الرياض
A2: أبو خالد = مؤسسة بساتين الرياض | أبو مازن = شركة نسما الشرق (مزرعة تبوك) – الشريكان في مزرعة الرياض
A4: البند | B4: أبو خالد – بساتين الرياض | C4: أبو مازن – نسما الشرق | D4: ملاحظة
A5: 1) المسحوبات المباشرة من المزرعة (مديونية عليه) | B5: ='أبو خالد - بساتين الرياض'!C7 | C5: ='أبو مازن - نسما الشرق (تبوك)'!C9 | D5: بضاعة مسحوبة/مباعة لحسابه
A6: 2) المسحوبات النقدية من خزنة المزرعة (مديونية عليه) | B6: ='أبو خالد - بساتين الرياض'!C21 | C6: ='أبو مازن - نسما الشرق (تبوك)'!C24
A7: إجمالي المديونية عليه | B7: =B5+B6 | C7: =C5+C6
A8: 3) الدعم المقدم للمزرعة (حق له) | B8: ='أبو خالد - بساتين الرياض'!C15 | C8: ='أبو مازن - نسما الشرق (تبوك)'!C19 | D8: مصروفات وسدادات ومشتريات دفعها عن المزرعة
A9: الصافي المبدئي (موجب = مديونية عليه للمزرعة / سالب = مستحق له) | B9: =B7-B8 | C9: =C7-C8 | D9: ⚠ مبدئي – قبل تحديد ممول بنود التأسيس والتشغيل قبل الفترة (1,368,006.47) وأسعار مسحوبات قبل الفترة
A11: بنود لم تُوزع بعد على الشريكين | B11: ='بنود تحتاج تحديد الممول'!C7 | D11: مصروفات التأسيس من البنوك + تشغيل قبل الفترة – يلزم تحديد من دفعها
A13: ملاحظات أساسية:
A14: 1) حساب أبو خالد: كشف الخزنة يُظهر لحسابه مبيعات 600,335.25 وسدادات 763,323.81 (رصيد دائن 162,988.56 لصالحه) – الفرق عن 761,583.25 هنا لأن الكشف سجّل عقد عرعر بالمسلّم 367,803.75 وسجّل ما قبل 1-11-2025 كقيد تسوية 62,937.
A15: 2) سند مسحوبات بساتين الرياض (24.2–3.6.2026) كله من عقود أبو خالد ومدرج في مبيعاته – لا يُضاف مرة أخرى. التفاصيل في شيت التحقق.
A16: 3) مسحوبات نسما من الرياض محسوبة بقيم النظام (426,293.23). لو اعتُمدت أسعار التحويل الخاصة بالمحاسب فالرقم يتغير – يلزم الاتفاق على الأسعار.
A17: 4) مبلغ 100,000 المنصرف لأبو خالد كان "بتعليمات أبو مازن".
A18: 5) لم تُحتسب هنا: أرصدة عهد لم تُسوَّ (1,543.91)، ومديونيات الموردين الخارجيين (الجزيرة 21,250) لأنها ليست على أي من الشريكين.

Sheet أبو خالد - بساتين الرياض
A1: حساب م/ عادل أبو خالد – مؤسسة بساتين الرياض مع مزرعة الرياض
A3: أولاً: المسحوبات المباشرة من مزرعة الرياض (مديونية على أبو خالد)
A4: م | B4: البند | C4: المبلغ | D4: المصدر | E4: ملاحظة
A5: 1 | B5: مبيعات/مسحوبات عقود WHK (30-7-2025 إلى 31-7-2026) شاملة عقد عرعر بالقيمة الكاملة 440,000 | C5: 761583.25 | D5: ملف إجمالي مبيعات المناديب – مبيعات أبو خالد | E5: 47 عقد – منها بنود سند المسحوبات 24.2–3.6.2026 (مدرجة ضمنها ولا تُحسب مرتين)
A6: 2 | B6: مبيعات مزرعة الرياض قبل الفترة (1-10-2024 إلى 30-6-2025) | C6: 610688 | D6: ملف المبيعات – شيت مبيعات قبل 30.7.2025 | E6: ⚠ مفترض أن أبو خالد هو من حصّل هذه المبيعات (لأن مصروفات الفترة دُفعت منه "من المبيعات") – يلزم التأكيد
B7: الإجمالي | C7: =SUM(C5:C6)
A9: ثانياً: المبالغ التي دعم بها أبو خالد مزرعة الرياض (حق لأبو خالد)
A10: م | B10: البند | C10: المبلغ | D10: المصدر | E10: ملاحظة
A11: 1 | B11: مصروفات تشغيل دفعها من المبيعات (10-2024 إلى 6-2025) | C11: 413236 | D11: ملف المصاريف التشغيلية – مصروفات قبل 30.7.2025 | E11: إجماليات ربع سنوية بدون تفصيل
A12: 2 | B12: سدادات وتوريدات نقدية مسجلة لحسابه بكشف الخزنة (Cash Payment) | C12: 763323.81 | D12: كشف الحساب – عميل 5000 | E12: تشمل: توريدات نقدية من المبيعات + سداد مشتريات عن المزرعة (زهور الجزيرة 196,225 – بذور بساتين قديم 147,745.75 – جهنمية 37,550 – سايكس 12,000 – غرس نجد 14,515 – بيتموس 53,475 – مراكن 20,000 ...)
A13: 3 | B13: أوامر شراء من بساتين الرياض لم تُسدد – PO-1023 | C13: 33950 | D13: ملف أوامر الشراء 2026 | E13: غير مدفوع – مستلم بالكامل
A14: 4 | B14: أوامر شراء من بساتين الرياض مدفوعة جزئياً – PO-0777 | C14: 66420 | D14: ملف أوامر الشراء 2026 | E14: ⚠ القيمة كاملة – يُخصم منها المسدد عند معرفته
B15: الإجمالي | C15: =SUM(C11:C14)
A17: ثالثاً: مسحوبات نقدية من خزنة مزرعة الرياض (مديونية على أبو خالد)
A18: م | B18: البند | C18: المبلغ | D18: المصدر | E18: ملاحظة
A19: 1 | B19: منصرف لأبو خالد بتعليمات أبو مازن (9-3-2026) | C19: 100000 | D19: كشف الخزنة – مصروف رقم 131
A20: 2 | B20: تسديد لأبو خالد من المديونية (18-5-2026) | C20: 2000 | D20: كشف الخزنة – مستند 156 على حسابه
B21: الإجمالي | C21: =SUM(C19:C20)

Sheet أبو مازن - نسما الشرق (تبوك)
A1: حساب أبو مازن – شركة نسما الشرق (مزرعة تبوك) مع مزرعة الرياض
A3: أولاً: المسحوبات المباشرة من مزرعة الرياض (مديونية على نسما/أبو مازن)
A4: م | B4: البند | C4: المبلغ | D4: المصدر | E4: ملاحظة
A5: 1 | B5: ترحيلات من الرياض إلى تبوك RNT (30-7-2025 إلى 31-7-2026) | C5: 113528.81 | D5: ملف حركات المواد – بقيم النظام | E5: ⚠ بقيم النظام (القديم شامل ضريبة/الجديد بدون). شيت المحاسب بأسعار التحويل: 334,662.95 لـ RNT+RNP مع سندات ناقصة
A6: 2 | B6: ترحيلات إلى قسم المشاريع تبوك RNP (30-7-2025 إلى 31-7-2026) | C6: 312764.42 | D6: ملف حركات المواد – بقيم النظام | E6: يشمل 17 سند ISV أُضيفت من ملف التفصيل
A7: 3 | B7: تكاليف نقل خارج الرياض لصالح تبوك (15,290 كم × 1.30) | C7: 19877 | D7: ملف مراجعة المسحوبات – شيت المصاريف الإدارية
A8: 4 | B8: مسحوبات قبل الفترة – أوامر شراء P00480 إلى P00523 (102,875 حبة) | C8: 0 | D8: ملف مراجعة المسحوبات – مسحوبات قبل الفترة | E8: ⚠ بدون أسعار – تُدخل يدوياً
B9: الإجمالي | C9: =SUM(C5:C8)
A11: ثانياً: المبالغ التي دعمت بها نسما/أبو مازن مزرعة الرياض (حق لنسما)
A12: م | B12: البند | C12: المبلغ | D12: المصدر | E12: ملاحظة
A13: 1 | B13: ترحيلات من تبوك إلى الرياض TNR (30-7-2025 إلى 31-7-2026) | C13: 91545.48 | D13: ملف حركات المواد – بقيم النظام | E13: شيت المحاسب: 32,450 فقط (ناقص TNR-2689 و TNR-2888 و TRF-0188)
A14: 2 | B14: مصروفات إدارية 2025 (إقامات وتأشيرات ونقل كفالات) | C14: 56125 | D14: كشف المصاريف الإدارية – البنود 49–55
A15: 3 | B15: مصروفات إدارية وحكومية 2026 حتى 31-7 (تشمل إيجار المزرعة 150,000) | C15: 173979.15 | D15: تقرير العهدة – المصروفات الإدارية
A16: 4 | B16: ديزل سيارتي المناديب (11-2025 إلى 7-2026) | C16: 35141.98 | D16: شيت الديزل المدفوع من نسما | E16: ⚠ قد يتداخل مع ديزل العهد النقدية
A17: 5 | B17: مشتريات 2025 مدفوعة بتحويل بنكي من تبوك | C17: 226679.26 | D17: ملف مصروفات 2025 – فلتر تحويل بنكي | E17: ⚠ الرقم اليدوي بالملف 269,099.26 (فرق 42,420 بدون حركات)
A18: 6 | B18: مصروفات تأسيس مدفوعة عن طريق أبومازن (البنود 1 و 2 و 14) | C18: 133770 | D18: كشف مصروفات التأسيس | E18: البند 14 (35,000) لسليمان الخضيري بتوجيه أبومازن
B19: الإجمالي | C19: =SUM(C13:C18)
A21: ثالثاً: مسحوبات نقدية من خزنة مزرعة الرياض (مديونية على نسما/أبو مازن)
A22: م | B22: البند | C22: المبلغ | D22: المصدر | E22: ملاحظة
A23: 1 | B23: توريد نقدي للإدارة – أبو مازن (21-5-2026) | C23: 13000 | D23: كشف الخزنة – مصروف رقم 157
B24: الإجمالي | C24: =SUM(C23:C23)

Sheet بنود تحتاج تحديد الممول
A1: بنود دعم لمزرعة الرياض غير محدد من دفعها من الشريكين
A3: مدفوعة من حسابات بنكية (البنك السعودي / بنك الرياض / بنك ساب) – لم يُذكر صاحب الحساب
A4: م | B4: البند | C4: المبلغ | D4: المصدر | E4: ملاحظة
A5: 1 | B5: مصروفات التأسيس – البنود المدفوعة من البنوك | C5: 955965.8 | D5: كشف مصروفات التأسيس (1,089,735.80 − 133,770 أبومازن) | E5: ⚠ يلزم تحديد أصحاب الحسابات البنكية. البند 23 (دينة عماد 123,000) تاريخه 1-11-2025
A6: 2 | B6: مصروفات تشغيل قبل الفترة (2-2024 إلى 12-2024) | C6: 412040.67 | D6: كشف مصروفات التشغيل قبل 30.7.2025 | E6: ⚠ مدفوعة من البنك السعودي وبنك الرياض
B7: الإجمالي | C7: =SUM(C5:C6)

Sheet تحقق مسحوبات أبو خالد 24.2-3.6
A1: مراجعة سند "مسحوبات بساتين الرياض من 24.2.2026 حتى 3.6.2026" مقابل فواتير أبو خالد
A2: سند الصرف | B2: العقد | C2: الفاتورة | D2: الصنف | E2: الكمية بالسند | F2: الكمية بالفاتورة | G2: سعر السند | H2: سعر الفاتورة | I2: الفرق بالقيمة | J2: الحالة
A3: #141 | B3: WHK-3923 | C3: RN-INV#166 | D3: OD696 أقحوان | E3: 2075 | F3: 2075 | G3: 1.5 | H3: 1.5 | I3: =E3*G3-F3*H3 | J3: الكمية مطابقة والسعر مطابق
A4: #141 | B4: WHK-3923 | C4: RN-INV#166 | D4: OD603 جرانيوم 9 | E4: 3000 | F4: 3000 | G4: 0.95 | H4: 1.25 | I4: =E4*G4-F4*H4 | J4: الكمية مطابقة – السعر مختلف
A5: #261 | B5: WHK-4256 | C5: RN-INV#227 | D5: OD562 زينيا | E5: 25625 | F5: 25625 | G5: 0.55 | H5: 0.5 | I5: =E5*G5-F5*H5 | J5: الكمية مطابقة – السعر مختلف
A6: #261 | B6: WHK-4256 | C6: RN-INV#227 | D6: OD563 سيلوزيا | E6: 3000 | F6: 3000 | G6: 0.55 | H6: 0.5 | I6: =E6*G6-F6*H6 | J6: الكمية مطابقة – السعر مختلف
A7: #261 | B7: WHK-4256 | C7: RN-INV#227 | D7: OD564 امرانتس | E7: 5000 | F7: 5000 | G7: 0.55 | H7: 0.5 | I7: =E7*G7-F7*H7 | J7: الكمية مطابقة – السعر مختلف
A8: #261 | B8: WHK-4256 | C8: RN-INV#227 | D8: OD565 جازانيا | E8: 4475 | F8: 4475 | G8: 0.55 | H8: 0.5 | I8: =E8*G8-F8*H8 | J8: الكمية مطابقة – السعر مختلف
A9: #261 | B9: WHK-4256 | C9: RN-INV#227 | D9: OD454 تيكوماريا | E9: 50 | F9: 50 | G9: 2.5 | H9: 4 | I9: =E9*G9-F9*H9 | J9: الكمية مطابقة – السعر مختلف
A10: #261 | B10: WHK-4256 | C10: RN-INV#227 | D10: OD623 تيسبيسيا | E10: 4 | F10: 4 | G10: 49.5 | H10: 60 | I10: =E10*G10-F10*H10 | J10: الكمية مطابقة – السعر مختلف
A11: #269 | B11: WHK-4275 | C11: RN-INV#231 | D11: OD569 فينكا | E11: 37400 | F11: 37400 | G11: 0.55 | H11: 0.55 | I11: =E11*G11-F11*H11 | J11: الكمية مطابقة والسعر مطابق
A12: #269 | B12: WHK-4275 | C12: RN-INV#231 | D12: OD567 كيليوس | E12: 2200 | F12: 2200 | G12: 0.55 | H12: 0.55 | I12: =E12*G12-F12*H12 | J12: الكمية مطابقة والسعر مطابق
A13: #279 | B13: WHK-4291 | C13: RN-INV#239 | D13: OD569 فينكا | E13: 5700 | F13: 5700 | G13: 0.55 | H13: 0.55 | I13: =E13*G13-F13*H13 | J13: الكمية مطابقة والسعر مطابق
A14: #285 | B14: WHK-4305 | C14: RN-INV#243 | D14: OD569 فينكا | E14: 5500 | F14: 5500 | G14: 0.55 | H14: 0.55 | I14: =E14*G14-F14*H14 | J14: الكمية مطابقة والسعر مطابق
A15: #296 | B15: WHK-4323 | C15: RN-INV#250 | D15: OD564 امرانتس | E15: 1500 | F15: 1500 | G15: 0.55 | H15: 0.5 | I15: =E15*G15-F15*H15 | J15: الكمية مطابقة – السعر مختلف
A16: الإجمالي | I16: =SUM(I3:I15)
A18: النتيجة: كل بنود السند (13 بند، 6 عقود) هي مسحوبات عقود أبو خالد WHK ومطابقة للكميات في الفواتير المبدئية 166 و227 و231 و239 و243 و250، وكلها مدرجة بالفعل في مبيعات أبو خالد.
A19: إجمالي السند 56,005.50 مقابل 55,042.50 بالفواتير (فرق 963) بسبب اختلاف الأسعار في 3 سندات: #141 الجرانيوم 0.95 بدل 1.25 (−900)، #261 أسعار السند 0.55 بدل 0.50 وتيكوماريا وتيسبيسيا أقل (+1,788)، #296 الامرانتس 0.55 بدل 0.50 (+75).
A20: عنوان السند مكتوب "حتى 3.7.2026" بينما اسم الملف "3.6.2026" – آخر حركة بالسند 18-5-2026.
